"CPI Average Price Data, U.S. city average (AP)",,,,,,,,,,,,,,,,,,,,,,,,,,,,,,,,,,,,,,,,,,,,,,,,,,,,,,,,,,,,,,,,,,,,,,,,,,,,,,,,,,,,,,,,,,,,,,,,,,,,,,,,,,,,,,,,,,,,,,,,,,,,,,,,,,,,
Years:,2010 to 2020,,,,,,,,,,,,,,,,,,,,,,,,,,,,,,,,,,,,,,,,,,,,,,,,,,,,,,,,,,,,,,,,,,,,,,,,,,,,,,,,,,,,,,,,,,,,,,,,,,,,,,,,,,,,,,,,,,,,,,,,,,,,,,,,,,,
,,,,,,,,,,,,,,,,,,,,,,,,,,,,,,,,,,,,,,,,,,,,,,,,,,,,,,,,,,,,,,,,,,,,,,,,,,,,,,,,,,,,,,,,,,,,,,,,,,,,,,,,,,,,,,,,,,,,,,,,,,,,,,,,,,,,
Series ID,Jan_2010,Feb_2010,Mar_2010,Apr_2010,May_2010,Jun_2010,Jul_2010,Aug_2010,Sep_2010,Oct_2010,Nov_2010,Dec_2010,Jan_2011,Feb_2011,Mar_2011,Apr_2011,May_2011,Jun_2011,Jul_2011,Aug_2011,Sep_2011,Oct_2011,Nov_2011,Dec_2011,Jan_2012,Feb_2012,Mar_2012,Apr_2012,May_2012,Jun_2012,Jul_2012,Aug_2012,Sep_2012,Oct_2012,Nov_2012,Dec_2012,Jan_2013,Feb_2013,Mar_2013,Apr_2013,May_2013,Jun_2013,Jul_2013,Aug_2013,Sep_2013,Oct_2013,Nov_2013,Dec_2013,Jan_2014,Feb_2014,Mar_2014,Apr_2014,May_2014,Jun_2014,Jul_2014,Aug_2014,Sep_2014,Oct_2014,Nov_2014,Dec_2014,Jan_2015,Feb_2015,Mar_2015,Apr_2015,May_2015,Jun_2015,Jul_2015,Aug_2015,Sep_2015,Oct_2015,Nov_2015,Dec_2015,Jan_2016,Feb_2016,Mar_2016,Apr_2016,May_2016,Jun_2016,Jul_2016,Aug_2016,Sep_2016,Oct_2016,Nov_2016,Dec_2016,Jan_2017,Feb_2017,Mar_2017,Apr_2017,May_2017,Jun_2017,Jul_2017,Aug_2017,Sep_2017,Oct_2017,Nov_2017,Dec_2017,Jan_2018,Feb_2018,Mar_2018,Apr_2018,May_2018,Jun_2018,Jul_2018,Aug_2018,Sep_2018,Oct_2018,Nov_2018,Dec_2018,Jan_2019,Feb_2019,Mar_2019,Apr_2019,May_2019,Jun_2019,Jul_2019,Aug_2019,Sep_2019,Oct_2019,Nov_2019,Dec_2019,Jan_2020,Feb_2020,Mar_2020,Apr_2020,May_2020,Jun_2020,Jul_2020,Aug_2020,Sep_2020,Oct_2020,Nov_2020,Dec_2020
APU0200701111,0.483,0.477,0.466,0.458,0.484,0.480,0.486,0.493,0.478,0.469,0.439,0.427,0.475,0.481,0.481,0.489,0.505,0.506,0.532,0.540,0.546,0.548,0.507,0.521,0.532,0.531,0.526,0.534,0.531,0.559,0.572,0.567,0.559,0.523,0.511,0.524,0.527,0.526,0.491,0.521,0.523,0.530,0.530,0.528,0.514,0.526,0.482,0.477,0.503,0.529,0.529,0.535,0.470,0.470,0.468,0.472,0.466,0.457,0.452,0.445,0.451,0.453,0.453,0.448,0.448,0.433,0.430,0.430,0.422,0.413,0.382,0.378,0.399,0.405,0.397,0.401,0.472,0.474,0.484,0.482,0.479,0.475,0.444,0.448,0.461,0.455,0.460,0.456,0.470,0.469,0.469,0.466,0.459,0.457,0.455,0.441,0.468,0.459,0.465,0.471,0.470,0.476,0.455,0.440,0.445,0.434,0.429,0.431,0.426,0.434,0.431,0.427,,0.412,0.417,0.404,0.400,0.379,,,,,,,,,,,,,,
APU0200701311,,,,,,,,,,,,,,,,,,,,,,,,,,,,,,,,,,,,,,,,,,,,,,,,,,,,,,,,,,,,,,,,,,,,,,,,,,,,,,,,,,,,,,,,,,,,,,,,,,,,,,,,,,,,,,,,,,,,,,,,,,,,,,,,,,,,
APU0200701321,,,,,,,,,,,,,,,,,,,,,,,,,,,,,,,,,,,,,,,,,,,,,,,,,,,,,,,,,,,,,,,,,,,,,,,,,,,,,,,,,,,,,,,,,,,,,,,,,,,,,,,,,,,,,,,,,,,,,,,,,,,,,,,,,,,,
APU0200701322,1.128,1.157,1.176,1.150,1.139,1.107,1.058,1.116,1.151,1.188,1.187,1.197,1.168,1.113,1.236,1.247,1.262,1.232,1.208,1.265,1.204,1.248,1.322,1.291,1.284,1.302,1.281,1.295,1.316,1.333,1.385,1.378,1.276,1.300,1.301,1.247,1.219,1.341,1.235,1.301,1.367,1.420,1.424,1.440,1.325,1.444,1.352,1.324,1.321,1.313,1.285,1.335,1.265,1.259,1.263,1.258,1.266,1.198,1.196,1.039,1.159,1.224,1.256,1.273,1.283,,,,,1.217,,,,,,,,,,,,,1.265,1.257,1.279,1.212,1.238,1.285,1.266,1.179,1.275,1.257,1.209,1.284,1.249,1.252,,,,,,,,,,,,,,,,,,,,,,,,,,,,,1.136,1.131,1.101,1.133,1.094,,,
APU0200702111,1.332,1.288,1.311,1.313,1.329,1.329,1.330,1.311,1.305,1.348,1.244,1.359,1.265,1.263,1.268,1.327,1.331,1.214,1.281,1.288,1.309,1.277,1.203,1.231,1.200,1.259,1.275,1.313,1.280,1.323,1.384,1.389,1.364,1.347,1.277,1.288,1.280,1.295,1.279,1.300,1.339,1.347,1.384,1.338,1.379,1.323,1.332,1.332,1.298,1.325,1.302,1.335,1.298,1.304,1.281,1.288,1.274,1.316,1.226,1.280,1.258,1.284,1.296,1.313,1.332,1.305,1.336,1.304,1.322,1.320,1.280,1.322,1.337,1.324,1.339,1.352,1.260,1.234,1.244,1.226,1.233,1.220,1.231,1.263,1.243,1.257,1.219,1.204,1.238,1.217,1.209,1.207,1.204,1.189,1.190,1.178,1.130,1.133,1.175,1.191,1.202,1.215,1.194,1.167,1.139,1.175,1.173,1.157,1.116,1.169,1.104,1.178,1.162,1.199,1.192,1.156,1.181,1.177,1.246,1.240,1.240,1.278,1.283,1.284,1.291,1.321,1.342,1.333,1.378,,,
APU0200702112,,,,,,,,,,,,,,,,,,,,,,,,,,,,,,,,,,,,,,,,,,,,,,,,,,,,,,,,,,,,,,,,,,,,,,,,,,,,,,,,,,,,,,,,,,,,,,,,,,,,,,,,,,,,,,,,,,,,,,,,,,,,,,,,,,,,
APU0200702211,,,,,,,,,,,,,,,,,,,,,,,,,,,,,,,,,,,,,,,,,,,,,,,,,,,,,,,,,,,,,,,,,,,,,,,,,,,,,,,,,,,,,,,,,,,,,,,,,,,,,,,,,,,,,,,,,,,,,,,,,,,,,,,,,,,,
APU0200702212,,,,,,,,,,,,,,,,,,,,,,,,,,,,,,,,,,,,,,2.025,2.127,2.187,2.185,2.111,1.970,2.070,1.951,1.982,1.935,2.135,1.999,2.062,2.152,2.107,1.956,1.951,2.030,1.968,1.978,1.961,1.939,1.941,1.924,1.956,1.943,1.999,1.901,1.967,1.873,1.852,1.912,1.957,,,,,,,1.943,1.947,1.899,1.931,1.998,2.068,2.030,1.939,1.944,1.978,1.966,1.952,1.914,1.971,1.894,1.937,1.899,2.001,1.986,1.979,1.951,1.810,1.811,1.816,1.769,1.719,1.804,1.816,1.707,1.915,1.964,1.937,1.987,1.980,2.018,1.893,1.981,1.883,1.837,1.786,1.835,1.769,1.807,1.818,1.814,1.892,1.936,1.891,1.949,1.986,1.983,1.928,1.968,,,
APU0200702221,,,,,,,,,,,,,,,,,,,,,,,,,,,,,,,,,,,,,,,,,,,,,,,,,,,,,,,,,,,,,,,,,,,,,,,,,,,,,,,,,,,,,,,,,,,,,,,,,,,,,,,,,,,,,,,,,,,,,,,,,,,,,,,,,,,,
APU0200702411,,,,,,,,,,,,,,,,,,,,,,,,,,,,,,,,,,,,,,,,,,,,,,,,,,,,,,,,,,,,,,,,,,,,,,,,,,,,,,,,,,,,,,,,,,,,,,,,,,,,,,,,,,,,,,,,,,,,,,,,,,,,,,,,,,,,
APU0200702421,3.557,3.769,3.443,3.540,3.783,3.659,3.719,3.942,3.811,3.876,,,,,,,,4.022,3.822,3.911,3.858,,4.162,4.202,4.315,4.023,4.032,4.109,,,,,,,,,,,,,,,,,,,,,,,,,,,,,,,,3.522,3.487,3.651,3.620,3.454,3.708,3.544,3.539,3.435,3.680,3.761,,,,,,,3.564,3.356,3.218,3.300,3.413,3.386,3.393,3.292,3.286,3.345,3.215,3.368,3.469,3.445,3.286,3.446,3.397,3.483,3.547,3.401,3.551,3.537,3.489,3.288,,,3.402,3.188,3.225,,,,,,,,,,,,,,3.414,3.382,3.375,3.360,3.592,3.550,3.497,3.540,3.506,3.500,3.559,,,
APU0200702611,,,,,,,,,,,,,,,,,,,,,,,,,,,,,,,,,,,,,,,,,,,,,,,,,,,,,,,,,,,,,,,,,,,,,,,,,,,,,,,,,,,,,,,,,,,,,,,,,,,,,,,,,,,,,,,,,,,,,,,,,,,,,,,,,,,,
APU0200703111,2.657,2.791,2.703,2.683,2.773,2.815,2.773,2.757,2.753,2.749,2.681,2.716,2.849,3.000,3.031,3.128,3.141,3.121,3.040,3.059,3.042,3.148,3.061,3.149,3.183,3.157,3.275,3.159,3.224,3.347,3.248,3.352,3.394,3.325,3.191,3.276,3.338,3.399,3.324,3.398,3.282,3.221,3.297,3.373,3.360,3.386,3.463,3.432,3.432,3.701,3.521,3.774,3.666,3.746,3.659,3.855,4.068,4.193,4.145,4.120,4.272,4.236,4.257,4.165,4.218,4.279,4.166,4.118,4.169,4.077,3.895,4.017,3.861,3.645,3.757,3.776,3.676,3.627,3.610,3.856,3.851,3.609,3.563,3.415,3.578,3.405,3.491,3.760,3.707,3.711,3.825,3.706,3.799,3.590,3.720,3.679,3.676,3.683,3.753,3.840,3.741,3.726,3.627,3.501,3.504,3.505,3.669,3.689,3.756,3.783,3.877,3.981,4.064,3.767,3.691,3.859,3.910,3.866,3.901,3.874,3.834,3.809,3.934,4.171,4.673,5.658,4.366,3.961,3.866,,,
APU0200703112,1.983,2.032,2.059,2.021,2.097,2.138,2.137,2.175,2.207,2.126,2.152,2.137,2.266,2.459,2.439,2.466,2.554,2.517,2.519,2.550,2.573,,,,,,,,,,,,,,,,3.055,3.217,3.127,3.077,2.992,2.950,2.936,3.014,3.089,3.106,3.102,2.974,2.947,3.116,3.229,3.409,3.211,3.396,3.335,3.562,3.625,3.804,3.800,3.700,3.878,3.898,3.761,3.770,3.820,3.713,3.751,3.639,3.729,3.636,3.669,3.456,3.415,3.482,3.494,3.376,3.260,3.360,3.257,3.211,3.198,3.199,3.083,3.099,3.046,3.166,3.153,3.150,3.273,3.396,3.433,3.337,3.498,3.396,3.319,3.516,3.688,3.624,3.663,3.728,3.870,3.802,3.763,3.959,3.904,3.853,3.931,3.887,4.012,3.980,3.792,3.897,4.008,3.944,3.956,3.747,3.819,3.750,3.571,3.634,3.697,3.625,3.694,3.960,4.493,4.856,3.915,3.818,3.782,,,
APU0200703113,3.004,3.096,3.079,3.134,3.143,3.135,3.114,3.105,3.171,3.182,3.171,3.168,3.257,3.336,3.410,3.428,3.534,3.594,3.652,3.715,3.707,3.671,3.603,3.749,3.748,3.760,3.869,3.859,3.925,4.019,3.968,3.944,3.964,3.748,3.826,3.746,,,,,,,,,,,,,,,,,,,,,,,,,,,,,,,,,,,,,,,,,,,,,,,,,,,,,,,,,,,,,,,,,,,,,,,,,,,,,,,,,,,,,,,,,,,,,,,,
APU0200703211,,,,,,,,,,,,,,,,,,,,,,,,,,,,,,,,,,,,,,,,,,,,,,,,,,,,,,,,,,,,,,,,,,,,,,,,,,,,,,,,,,,,,,,,,,,,,,,,,,,,,,,,,,,,,,,,,,,,,,,,,,,,,,,,,,,,
APU0200703212,,,,,,,,,,,,,,,,,,,,,,,,,,,,,,4.398,4.625,4.562,4.484,4.695,,,,,,,,,,,,,,,,,,,,,,,,,,,,,,,,,,,,,,,,,,,,,,,,,,,,,,,,,,,,,,,,,,,,,,,,,,,,,,,,,,,,,,,,,,,,,,,,,,
APU0200703213,3.718,3.823,3.409,3.877,3.807,3.487,3.558,3.789,3.951,3.372,3.686,3.793,3.620,4.139,4.127,4.202,4.051,4.287,4.244,4.181,4.446,4.386,4.540,4.409,4.531,4.457,4.478,4.397,4.318,4.471,4.609,4.504,4.533,4.800,4.759,4.761,4.477,4.449,4.755,4.706,4.434,4.434,4.591,4.601,4.477,4.328,4.648,4.642,4.688,4.814,4.856,5.028,4.874,5.154,5.151,5.423,5.439,5.438,5.541,5.560,5.621,5.399,5.481,5.467,5.450,5.519,5.395,5.551,5.540,5.562,5.676,5.346,5.072,5.175,5.126,4.934,5.341,5.249,5.032,5.033,4.761,5.369,5.010,5.015,4.891,4.993,5.102,5.111,5.125,5.409,5.100,4.961,4.945,5.159,5.113,4.872,4.554,4.731,4.884,5.041,5.130,5.370,5.421,5.258,5.449,5.183,,,,,,,,,,,,,,,,,,,,,,,,,,
APU0200703311,4.434,4.260,4.441,4.389,4.376,4.246,4.360,4.227,4.347,4.259,4.541,4.402,4.582,4.556,4.671,4.773,4.474,4.621,4.700,4.805,4.655,4.495,4.681,4.746,4.879,4.987,4.796,4.916,4.765,4.797,4.905,4.870,4.686,4.790,4.707,4.606,4.606,4.769,4.770,4.452,4.406,4.484,4.677,4.734,4.565,4.437,4.531,4.506,4.509,4.967,4.992,5.144,5.192,4.957,5.201,5.590,5.622,5.628,5.572,5.710,5.960,5.768,5.859,5.797,5.726,5.603,5.684,5.754,5.405,5.657,5.506,5.289,5.008,5.324,5.302,5.370,5.603,5.641,5.261,5.147,4.961,4.701,4.740,4.735,4.974,4.867,5.162,5.168,4.932,5.154,5.072,5.052,5.087,4.963,4.837,4.771,4.864,4.772,4.580,4.808,4.857,4.774,4.674,4.815,4.612,4.441,4.430,4.459,4.921,4.565,4.630,4.857,,,,,,,,,,,,,,,,,,,,
APU0200703312,,,,,,,,,,,,,,,,,,,,,,,,,,,,,,,,,,,,,,,,,,,,,,,,,,,,,,,,,,,,,,,,,,,,,,,,,,,,,,,,,,,,,,,,,,,,,,,,,,,,,,,,,,,,,,,,,,,,,,,,,,,,,,,,,,,,
APU0200703411,,,,,,,,,,,,,,,,,,,,,,,,,,,,,,,,,,,,,,,,,,,,,,,,,,,,,,,,,,,,,,,,,,,,,,,,,,,,,,,,,,,,,,,,,,,,,,,,,,,,,,,,,,,,,,,,,,,,,,,,,,,,,,,,,,,,
APU0200703421,,,,,,,,,,,,,,,,,,,,,,,,,,,,,,,,,,,,,,,,,,,,,,,,,,,,,,,,,,,,,,,,,,,,,,,,,,,,,,,,,,,,,,,,,,,,,,,,,,,,,,,,,,,,,,,,,,,,,,,,,,,,,,,,,,,,
APU0200703422,,,,,,,,,,,,,,,,,,,,,,,,,,,,,,,,,,,,,,,,,,,,,,,,,,,,,,,,,,,,,,,,,,,,,,,,,,,,,,,,,,,,,,,,,,,,,,,,,,,,,,,,,,,,,,,,,,,,,,,,,,,,,,,,,,,,
APU0200703423,,,,,,,,,,,,,,,,,,,,,,,,,,,,,,,,,,,,,,,,,,,,,,,,,,,,,,,,,,,,,,,,,,,,,,,,,,,,,,,,,,,,,,,,,,,,,,,,,,,,,,,,,,,,,,,,,,,,,,,,,,,,,,,,,,,,
APU0200703425,,,,,,,,,,,,,,,,,,,,,,,,,,,,,,,,,,,,,,,,,,,,,,,,,,,,,,,,,,,,,,,,,,,,,,,,,,,,,,,,,,,,,,,,,,,,,,,,,,,,,,,,,,,,,,,,,,,,,,,,,,,,,,,,,,,,
APU0200703431,,,,,,,,,,,,,,,,,,,,,,,,,,,,,,,,,,,,,,,,,,,,,,,,,,,,,,,,,,,,,,,,,,,,,,,,,,,,,,,,,,,,,,,,,,,,,,,,,,,,,,,,,,,,,,,,,,,,,,,,,,,,,,,,,,,,
APU0200703432,3.592,3.725,3.688,3.830,3.755,3.829,3.722,3.814,3.934,3.808,3.849,3.944,3.813,4.164,4.172,4.324,4.244,4.461,4.300,4.340,4.422,4.109,3.889,3.856,4.377,4.375,4.431,4.240,4.368,4.486,4.458,4.218,4.291,4.488,4.452,4.582,4.521,4.546,4.640,4.627,4.528,4.451,4.453,4.540,4.210,4.332,4.507,4.336,4.456,4.845,4.749,4.965,4.831,5.029,5.056,5.346,5.139,5.360,,,,5.256,5.284,5.470,,,5.899,5.773,5.662,,,,,,,,,,,,,,,,,,,,,,,,,,,,,,,,,,,,,,,,,,,,,,,,,,,,,,,,,,,,,,,
APU0200703511,4.347,3.919,4.312,4.508,4.122,4.400,4.224,3.939,4.287,4.360,4.379,4.467,4.540,4.658,4.273,4.690,4.582,4.380,4.604,4.536,4.434,4.521,4.511,4.794,4.846,4.782,4.736,4.765,4.946,4.873,4.593,4.850,4.778,4.659,4.869,4.759,5.092,4.825,4.838,4.634,4.513,4.485,4.715,4.627,4.960,4.937,4.817,4.909,5.040,5.330,5.224,5.458,5.598,5.416,5.519,5.930,6.094,6.124,6.224,6.336,6.203,6.172,6.043,5.992,6.120,6.219,6.319,6.324,6.378,6.351,5.888,5.741,5.807,5.903,5.787,5.672,5.958,5.887,5.457,5.550,5.929,5.711,5.650,5.468,5.674,5.495,5.686,5.782,5.685,5.681,5.740,5.774,5.701,5.795,5.427,5.594,5.237,5.473,4.933,5.304,5.103,5.210,5.036,5.455,5.370,5.441,5.124,5.311,5.236,5.466,5.479,5.401,5.393,5.506,5.672,5.624,5.464,5.412,5.122,5.805,5.831,6.048,5.974,6.221,7.791,6.884,6.938,6.614,6.323,,,
APU0200703512,,,,,,,,,,,,,,,,,,,,,,,,,,,,,,,,,,,,,,,,,,,,,,,,,,,,,,,,,,,,,,,,,,,,,,,,,,,,,,,,,,,,,,,,,,,,,,,,,,,,,,,,,,,,,,,,,,,,,,,,,,,,,,,,,,,,
APU0200703611,,,,,,,,,,,,,,,,,,,,,,,,,,,,,,,,,,,,,,,,,,,,,,,,,,,,,,,,,,,,,,,,,,,,,,,,,,,,,,,,,,,,,,,,,,,,,,,,,,,,,,,,,,,,,,,,,,,,,,,,,,,,,,,,,,,,
APU0200703612,,,,,,,,,,,,,,,,,,,,,,,,,,,,,,,,,,,,,,,,,,,,,,,,,,,,,,,,,,,,,,,,,,,,,,,,,,,,,,,,,,,,,,,,,,,,,,,,,,,,,,,,,,,,,,,,,,,,,,,,,,,,,,,,,,,,
APU0200703613,5.342,5.331,5.769,5.854,5.929,6.099,5.967,5.458,5.504,5.825,5.740,5.559,5.552,5.768,5.897,5.694,5.423,5.140,5.580,5.687,5.800,5.945,5.779,5.697,5.904,5.886,6.110,6.088,5.789,6.345,6.405,6.283,6.151,5.964,5.973,5.813,6.121,6.110,6.288,6.084,6.229,6.063,5.930,5.881,5.830,6.003,6.378,6.310,6.229,6.634,6.494,6.802,7.064,6.990,6.941,7.729,7.759,7.532,7.938,7.833,7.832,7.955,7.874,8.127,8.644,8.769,9.175,8.719,8.838,8.761,8.997,8.496,7.883,8.412,8.697,8.913,8.803,8.860,8.821,8.634,8.734,8.673,8.543,8.565,8.335,8.340,8.492,8.738,8.941,9.205,9.137,9.058,8.880,8.820,8.551,8.603,9.326,9.214,9.337,9.584,9.386,9.972,9.563,9.623,9.506,9.186,9.775,9.365,9.727,10.049,10.040,10.053,9.258,8.324,8.449,8.390,8.490,8.339,8.369,8.852,8.914,8.407,8.218,7.761,9.370,10.140,9.843,9.177,9.603,,,
APU0200704111,3.343,3.423,3.405,3.407,3.571,3.833,3.878,4.022,4.241,4.488,4.293,3.882,4.024,4.157,4.332,4.429,4.642,4.915,4.547,4.566,4.705,4.630,4.772,4.901,4.650,4.936,4.886,4.790,4.819,4.613,4.622,4.731,5.003,4.928,4.946,4.973,5.230,5.107,5.029,5.104,5.109,5.308,5.236,5.283,5.383,5.305,5.191,5.089,5.346,5.458,5.392,5.360,5.507,5.669,5.582,5.646,5.542,5.519,5.094,5.097,5.017,4.928,4.940,4.801,4.374,4.367,4.474,4.778,5.082,5.093,5.040,5.008,4.943,4.824,4.809,5.139,4.802,4.695,4.829,4.768,4.706,4.764,4.476,4.535,4.682,4.739,5.201,5.157,4.992,5.157,5.168,5.547,5.849,5.539,5.370,5.304,5.540,5.435,5.473,5.325,5.412,5.371,5.638,5.682,5.597,5.287,5.477,5.455,5.609,5.378,5.532,5.539,5.839,6.187,6.002,5.723,5.385,5.800,5.795,5.716,5.727,5.893,5.463,5.525,5.850,6.205,6.318,6.028,6.011,,,
APU0200704211,3.707,3.894,3.524,3.594,4.234,3.548,4.049,3.859,4.105,4.160,3.850,3.907,3.978,4.223,3.961,3.724,3.864,4.013,3.820,4.039,4.041,3.933,3.802,3.653,4.046,3.945,4.008,3.933,3.964,3.523,3.971,3.914,4.315,3.905,3.429,3.636,3.375,3.711,3.702,3.769,3.805,3.424,3.852,3.862,3.900,3.766,,,,,,,4.190,3.894,4.091,4.091,4.173,4.322,4.338,4.212,4.048,3.864,4.063,4.018,,,,,,,,,,,,,,,,,,,,,,,,,,,,,,,,,,,,,,,,,,,,,,,,,,,,,,,,,,,,,,,,,,,,
APU0200704212,3.617,3.794,3.559,4.097,4.353,3.721,3.938,3.775,3.904,3.813,3.881,3.822,3.970,4.383,4.401,4.135,4.040,4.021,4.005,3.872,4.149,4.165,4.167,3.900,4.052,4.050,3.995,4.157,3.943,4.036,4.146,4.191,4.032,4.026,4.129,4.033,4.094,3.976,3.983,3.976,3.969,3.780,3.933,3.973,4.072,4.047,3.969,3.986,4.027,3.903,4.230,4.297,4.290,4.513,4.295,4.679,4.664,4.738,4.700,4.741,4.631,4.571,4.285,4.343,4.348,4.501,4.554,4.626,4.378,4.294,4.039,4.200,4.128,4.239,4.310,4.203,4.258,4.347,4.208,4.110,4.022,4.017,3.809,3.660,3.803,3.689,3.782,3.733,3.982,3.819,3.831,3.891,3.834,3.935,3.743,3.814,4.000,3.679,3.569,3.496,3.700,3.482,3.615,3.590,3.554,3.605,3.539,3.799,3.625,3.753,3.929,3.825,3.959,3.852,3.562,3.688,3.642,3.909,3.889,3.854,3.988,3.651,3.875,4.084,4.667,5.232,4.801,4.377,4.256,,,
APU0200704311,,,,,,,,,,,,,,,,,,,,,,,,,,,,,,,,,,,,,,,,,,,,,,,,,,,,,,,,,,,,,,,,,,,,,,,,,,,,,,,,,,,,,,,,,,,,,,,,,,,,,,,,,,,,,,,,,,,,,,,,,,,,,,,,,,,,
APU0200704312,2.939,2.949,3.015,2.990,3.038,3.199,3.200,3.233,3.222,3.192,3.055,3.146,3.219,3.123,3.325,3.227,3.530,3.621,3.608,3.588,3.627,3.615,3.445,3.362,3.425,3.432,3.460,3.289,3.465,3.499,3.517,3.513,3.607,3.507,3.675,3.527,3.472,3.503,3.675,3.883,3.885,4.054,4.063,4.048,4.023,4.112,3.898,3.962,3.960,3.814,4.147,3.731,3.972,4.115,4.266,4.325,4.377,4.347,4.043,3.809,4.023,4.060,3.979,3.899,3.713,3.652,3.708,3.746,3.652,3.845,3.686,3.496,3.475,3.462,3.477,3.374,3.417,3.364,3.339,3.394,3.519,3.665,3.482,3.332,3.377,3.471,3.547,3.440,3.518,3.561,3.675,3.692,3.780,3.741,3.601,3.510,3.485,3.647,3.594,3.634,3.771,3.907,3.898,3.855,3.596,3.260,3.231,3.267,3.349,3.305,3.568,3.621,3.604,3.722,3.735,3.908,3.805,3.604,3.819,3.516,3.663,3.468,3.939,3.752,4.156,4.087,3.956,3.906,4.053,,,
APU0200704321,,,,,,,,,,,,,,,,,,,,,,,,,,,,,,,,,,,,,,,,,,,,,,,,,,,,,,,,,,,,,,,,,,,,,,,,,,,,,,,,,,,,,,,,,,,,,,,,,,,,,,,,,,,,,,,,,,,,,,,,,,,,,,,,,,,,
APU0200704411,,,,,,,,,,,,,,,,,,,,,,,,,,,,,,,,,,,,,,,,,,,,,,,,,,,,,,,,,,,,,,,,,,,,,,,,,,,,,,,,,,,,,,,,,,,,,,,,,,,,,,,,,,,,,,,,,,,,,,,,,,,,,,,,,,,,
APU0200704412,,,,,,,,,,,,,,,,,,,,,,,,,,,,,,,,,,,,,,,,,,,,,,,,,,,,,,,,,,,,,,,,,,,,,,,,,,,,,,,,,,,,,,,,,,,,,,,,,,,,,,,,,,,,,,,,,,,,,,,,,,,,,,,,,,,,
APU0200704413,,,,,,,,,,,,,,,,,,,,,,,,,,,,,,,,,,,,,,,,,,,,,,,,,,,,,,,,,,,,,,,,,,,,,,,,,,,,,,,,,,,,,,,,,,,,,,,,,,,,,,,,,,,,,,,,,,,,,,,,,,,,,,,,,,,,
APU0200704421,,,,,,,,,,,,,,,,,,,,,,,,,,,,,,,,,,,,,,,,,,,,,,,,,,,,,,,,,,,,,,,,,,,,,,,,,,,,,,,,,,,,,,,,,,,,,,,,,,,,,,,,,,,,,,,,,,,,,,,,,,,,,,,,,,,,
APU0200705111,,,,,,,,,,,,,,,,,,,,,,,,,,,,,,,,,,,,,,,,,,,,,,,,,,,,,,,,,,,,,,,,,,,,,,,,,,,,,,,,,,,,,,,,,,,,,,,,,,,,,,,,,,,,,,,,,,,,,,,,,,,,,,,,,,,,
APU0200705121,2.938,2.969,2.829,3.004,2.977,2.925,3.077,3.111,3.184,3.228,3.145,3.149,3.204,3.199,3.335,3.192,,2.703,2.783,2.791,2.838,2.778,,,,,,,,,,,2.140,2.284,2.781,2.593,2.814,2.808,2.693,2.980,2.862,3.168,2.978,2.975,2.940,2.711,,,,,,,,,,,,,2.739,2.742,2.689,2.889,2.674,2.933,,,,,,,2.445,2.462,2.456,2.588,2.598,2.436,2.381,,,,,2.429,2.427,2.422,2.288,2.327,2.331,2.186,,,,,,,,,,,,,,,,,,,,,,,,,,,,,,,,,,,,,,,,,,,,
APU0200705141,,,,,,,,,,,,,,,,,,,,,,,,,,,,,,,,,,,,,,,,,,,,,,,,,,,,,,,,,,,,,,,,,,,,,,,,,,,,,,,,,,,,,,,,,,,,,,,,,,,,,,,,,,,,,,,,,,,,,,,,,,,,,,,,,,,,
APU0200706111,1.322,1.316,1.269,1.259,1.293,1.215,1.305,1.286,1.242,1.357,1.354,1.288,1.212,1.359,1.347,1.242,1.274,1.282,1.311,1.379,1.386,1.348,1.423,1.500,1.429,1.398,1.477,1.520,1.429,1.408,1.520,1.464,1.540,1.699,1.655,1.691,1.721,1.428,1.427,1.516,1.486,1.456,1.471,1.446,1.543,1.568,1.474,1.506,1.487,1.547,1.528,1.487,1.548,1.498,1.452,1.530,1.471,1.427,1.532,1.490,1.495,1.538,1.479,1.422,1.377,1.388,1.383,1.379,1.330,1.263,1.309,1.352,1.334,1.372,1.401,1.370,1.367,1.320,1.318,1.362,1.330,1.335,1.239,1.329,1.266,1.338,1.311,1.320,1.350,1.333,1.317,1.323,1.314,1.364,1.368,1.363,1.550,1.539,1.535,1.596,1.639,1.653,1.640,1.631,1.630,1.557,1.617,1.610,1.544,1.565,1.585,1.605,1.491,1.706,1.664,1.703,1.661,1.702,1.712,1.538,1.399,1.387,1.405,1.777,2.348,2.371,2.300,1.740,1.640,,,
APU0200706211,,,,,,,,,,,,,,,,,,,,,,,,,,,,,,,,,,,,,,,,,,,,,,,,,,,,,,,,,,,,,,,,,,,,,,,,,,,,,,,,,,,,,,,,,,,,,,,,,,,,,,,,,,,,,,,,,,,,,,,,,,,,,,,,,,,,
APU0200706212,1.335,1.316,1.365,1.416,1.245,1.354,1.356,1.327,1.359,1.406,1.464,1.464,1.437,1.406,1.446,1.419,1.494,1.343,1.422,1.445,1.344,1.517,1.483,1.439,1.514,1.552,1.571,1.475,1.324,1.380,1.396,1.422,1.433,1.316,1.438,1.431,1.384,1.303,1.371,1.456,1.461,1.459,1.504,1.459,1.442,1.474,1.468,1.453,1.369,1.397,1.366,1.406,1.414,1.352,1.341,1.333,1.315,1.393,1.449,1.369,1.409,1.378,1.349,1.342,1.402,1.431,1.410,1.465,1.402,1.504,1.453,1.383,1.482,1.325,1.412,1.378,1.423,1.443,1.277,1.383,1.448,1.355,1.371,1.363,1.349,1.433,1.408,1.448,1.345,1.359,1.352,1.420,1.428,1.392,1.395,1.306,1.237,1.397,1.377,1.485,1.494,1.534,1.540,1.558,1.530,1.575,1.444,1.408,1.390,1.449,1.374,1.494,1.458,1.419,1.458,1.361,1.396,1.443,1.485,1.497,1.482,1.410,1.480,1.598,1.572,1.598,1.559,1.602,1.530,,,
APU0200706311,1.135,1.107,1.193,1.239,1.200,1.244,1.305,1.340,1.268,1.363,1.243,1.226,1.237,1.254,1.316,1.308,1.381,1.347,1.394,1.412,1.435,1.479,1.410,1.385,1.474,1.449,1.424,1.438,1.419,1.400,1.426,1.432,1.444,1.431,1.387,1.421,1.487,1.577,1.558,1.919,1.945,1.856,,2.015,,1.938,1.872,1.900,2.000,1.909,1.917,1.841,1.867,1.893,1.937,1.972,1.842,1.914,1.412,1.303,1.410,1.487,1.497,1.489,,1.508,1.624,1.607,1.597,1.592,1.453,1.501,1.562,1.504,1.448,1.432,1.426,,,1.506,1.517,1.508,1.417,1.407,1.416,1.429,1.476,1.479,1.401,1.420,1.480,1.479,,1.409,1.340,1.346,,,,,,,,,,,,,,,,,,,,,,,,,,,,,,,,,,,,
APU0200707111,,,,,,,,,,,,,,,,,,,,,,,,,,,,,,,,,,,,,,,,,,,,,,,,,,,,,,,,,,,,,,,,,,,,,,,,,,,,,,,,,,,,,,,,,,,,,,,,,,,,,,,,,,,,,,,,,,,,,,,,,,,,,,,,,,,,
APU0200708111,1.465,1.645,1.476,1.583,1.225,1.255,1.195,1.223,1.558,1.144,1.364,1.529,1.593,1.418,1.469,1.303,1.417,1.377,1.403,1.423,1.733,1.595,1.581,1.546,1.727,1.509,1.439,1.577,1.364,1.350,1.284,1.677,1.570,1.674,1.724,1.760,1.712,1.736,1.628,1.657,1.503,1.574,1.542,1.516,1.597,1.661,1.726,1.858,1.810,1.826,1.872,1.955,1.746,1.807,1.821,1.916,1.850,1.834,1.934,2.117,1.934,1.902,2.019,1.869,1.838,2.476,2.473,3.020,2.997,2.642,2.396,2.569,2.216,2.188,1.917,1.484,1.407,1.335,1.379,1.279,1.333,1.176,1.189,1.241,1.519,1.290,1.239,1.276,1.216,1.047,1.061,1.093,1.182,1.296,1.249,1.575,1.584,1.626,1.586,1.881,1.760,1.471,1.560,1.491,1.434,1.477,1.439,1.386,1.406,1.375,1.430,1.343,1.272,1.070,1.092,1.091,1.172,1.152,1.253,1.264,1.219,1.254,1.385,1.683,1.412,1.351,1.256,1.156,1.226,,,
APU0200709111,,,,,,,,,,,,,,,,,,,,,,,,,,,,,,,,,,,,,,,,,,,,,,,,,,,,,,,,,,,,,,,,,,,,,,,,,,,,,,,,,,,,,,,,,,,,,,,,,,,,,,,,,,,,,,,,,,,,,,,,,,,,,,,,,,,,
APU0200709112,3.336,3.284,3.253,3.204,3.576,3.490,3.546,3.560,3.587,3.608,3.755,3.682,3.699,3.701,3.812,3.812,3.854,3.847,3.789,3.953,4.014,3.843,3.849,3.850,3.888,3.902,3.861,3.782,3.742,3.698,3.708,3.717,3.701,3.894,3.237,3.281,3.267,3.251,3.162,3.237,3.144,3.090,3.077,3.056,3.005,3.029,3.172,3.216,3.311,3.342,3.322,3.382,3.310,3.204,3.174,3.273,3.371,3.389,3.451,3.297,3.373,3.062,2.983,2.871,2.953,2.835,3.018,2.991,2.925,2.847,2.777,2.887,3.017,2.910,2.773,2.687,2.783,2.688,2.579,2.765,2.776,2.807,2.741,2.542,2.519,2.578,2.587,2.496,2.506,2.429,2.466,2.395,2.560,2.400,2.417,2.398,2.093,2.092,2.085,2.087,2.129,2.123,2.094,2.076,1.981,2.019,1.965,2.000,2.002,2.048,2.083,2.169,2.199,2.217,2.213,2.223,2.300,2.324,2.469,2.444,2.543,2.456,2.615,2.574,,,,,,,,
APU0200709211,,,,,,,,,,,,,,,,,,,,,,,,,,,,,,,,,,,,,,,,,,,,,,,,,,,,,,,,,,,,,,,,,,,,,,,,,,,,,,,,,,,,,,,,,,,,,,,,,,,,,,,,,,,,,,,,,,,,,,,,,,,,,,,,,,,,
APU0200709212,,,,,,,,,,,,,,,,,,,,,,,,,,,,,,,,,,,,,,,,,,,,,,,,,,,,,,,,,,,,,,,,,,,,,,,,,,,,,,,,,,,,,,,,,,,,,,,,,,,,,,,,,,,,,,,,,,,,,,,,,,,,,,,,,,,,
APU0200709213,,,,,,,,,,,,,,,,,,,,,,,,,,,,,,,,,,,,,,,,,,,,,,,,,,,,,,,,,,,,,,,,,,,,,,,,,,,,,,,,,,,,,,,,,,,,,,,,,,,,,,,,,,,,,,,,,,,,,,,,,,,,,,,,,,,,
APU0200710111,,,,,2.868,2.876,3.031,3.134,3.566,,3.055,3.194,3.265,3.350,3.443,3.593,3.542,3.475,3.541,3.312,3.487,3.569,3.116,3.046,3.228,3.194,3.051,2.925,,,,,,,,,,,,,,,,,,,,,,,,,,,,,,,,,,,,,,,,,,,,,,,,,,,,,,,,,,,,,,,,,,,,,,,,,,,,,,,,,,,,,,,,,,,,,,,,,,,,,,,,
APU0200710122,,,,,,,,,,,,,,,,,,,,,,,,,,,,,,,,,,,,,,,,,,,,,,,,,,,,,,,,,,,,,,,,,,,,,,,,,,,,,,,,,,,,,,,,,,,,,,,,,,,,,,,,,,,,,,,,,,,,,,,,,,,,,,,,,,,,
APU0200710211,3.233,3.305,3.166,3.117,,,,,,,3.626,3.684,3.712,3.615,3.700,3.771,3.786,3.803,3.886,3.900,4.019,4.148,4.018,3.992,4.022,3.924,3.876,3.865,3.725,3.771,3.776,3.795,3.832,3.825,3.957,4.045,3.995,3.779,3.889,3.807,3.703,3.844,3.917,3.967,4.041,3.956,4.143,4.145,4.054,4.119,4.284,4.359,4.278,4.191,4.206,4.157,4.169,4.368,4.517,4.467,4.528,4.351,4.320,4.296,4.179,4.001,4.112,4.160,3.971,4.153,4.191,4.163,4.227,4.149,4.349,4.399,4.173,4.109,4.253,4.290,4.262,4.422,4.048,3.964,4.002,3.884,3.788,3.916,3.935,3.865,3.818,3.618,3.630,3.737,3.709,3.711,3.741,3.771,3.826,3.684,3.645,3.491,3.547,3.443,3.677,3.584,,3.490,3.336,3.326,3.377,3.417,3.486,3.690,3.647,3.602,3.660,3.671,3.372,3.482,3.486,3.481,3.381,3.455,3.423,3.551,3.642,3.728,3.627,,,
APU0200710212,5.163,5.060,5.121,4.949,5.350,5.312,5.258,5.291,5.775,5.712,4.932,5.743,5.395,5.263,4.989,5.029,5.309,5.066,5.448,5.578,5.684,5.658,5.697,5.268,5.630,5.506,6.067,6.018,6.239,6.418,6.170,6.201,6.152,6.264,6.593,6.561,6.504,6.549,6.497,6.364,6.246,6.232,6.013,6.014,5.982,5.839,5.953,5.911,6.003,5.931,5.990,6.252,6.077,6.192,6.041,6.166,6.016,6.064,5.902,6.052,5.990,5.873,5.903,5.903,5.933,5.926,6.039,5.945,6.131,6.125,6.089,6.060,6.101,6.103,6.088,6.222,5.909,6.010,5.752,5.826,5.531,5.918,5.562,5.066,5.190,5.526,5.330,5.089,5.316,5.424,5.441,5.484,5.624,5.592,5.629,5.348,5.375,5.453,5.346,4.983,5.217,5.474,5.630,5.417,5.437,5.398,5.180,5.054,5.149,5.245,5.048,4.975,5.142,4.866,5.048,5.031,5.211,4.949,4.809,4.731,4.831,5.032,4.889,5.023,4.978,5.080,5.055,5.096,5.100,,,
APU0200710411,4.118,4.202,3.924,3.944,4.139,4.013,3.706,4.180,4.018,4.135,4.254,4.541,4.537,4.545,4.873,4.653,4.396,4.501,4.445,4.557,4.227,4.557,4.681,4.455,4.756,4.429,4.529,4.494,4.340,4.696,4.635,4.646,4.398,4.793,4.339,4.637,4.876,4.678,4.631,4.407,4.514,4.399,4.326,4.732,4.187,4.532,4.559,4.628,4.603,4.607,4.535,4.708,4.572,4.286,4.459,4.472,4.707,4.763,4.667,4.847,4.729,4.739,4.768,4.596,4.478,4.363,4.383,4.366,4.650,4.324,4.280,4.270,4.711,4.574,4.577,4.652,4.656,4.517,4.410,4.604,4.883,4.620,4.526,4.524,4.659,4.559,4.393,4.217,4.520,4.440,4.363,4.466,4.501,4.747,4.285,4.642,4.601,4.499,4.710,4.681,4.443,4.611,4.699,4.403,4.485,4.610,4.604,4.676,4.935,5.091,5.036,4.809,4.771,4.270,4.225,4.354,4.436,4.784,4.441,4.353,4.512,4.469,4.573,4.630,4.557,4.601,4.197,4.559,4.494,,,
APU0200711111,1.071,1.172,1.113,1.191,1.239,1.275,1.270,1.302,1.315,1.183,1.197,1.110,1.247,1.224,1.247,1.352,1.306,1.378,1.442,1.548,1.520,1.367,1.281,1.278,1.379,1.368,1.301,1.325,1.340,1.372,1.506,1.569,1.544,1.550,1.561,1.553,1.573,1.583,1.486,1.446,1.583,,,,,,,,,,,,,,,,,,,,,,,,,,,,,,,,,,,,,,,,,,,,,,,,,,,,,,,,,,,,,,,,,,,,,,,,,,,,,,,,,,,,,,,,,,,
APU0200711211,0.529,0.535,0.511,0.515,0.500,0.510,0.507,0.519,0.509,0.509,0.502,0.516,0.530,0.574,0.575,0.567,0.562,0.566,0.557,0.547,0.549,0.549,0.543,0.545,0.550,0.554,0.552,0.540,0.540,0.538,0.534,0.526,0.529,0.542,0.522,0.542,0.550,0.555,0.536,0.520,0.537,0.539,0.524,0.527,0.527,0.505,0.520,0.529,0.539,0.539,0.540,0.540,0.513,0.547,0.542,0.546,0.547,0.540,0.546,0.536,0.538,0.545,0.555,0.553,0.554,0.525,0.532,0.543,0.547,0.545,0.543,0.536,0.538,0.530,0.556,0.544,0.545,0.553,0.536,0.550,0.551,0.545,0.546,0.552,0.555,0.557,0.541,0.544,0.553,0.553,0.551,0.538,0.523,0.528,0.544,0.533,0.545,0.541,0.561,0.558,0.556,0.562,0.546,0.550,0.541,0.552,0.512,0.554,0.548,0.528,0.558,0.551,0.555,0.546,0.531,0.552,0.547,0.553,0.543,0.541,0.536,0.546,0.536,,0.531,0.497,0.487,0.469,0.485,,,
APU0200711311,0.966,0.972,0.921,0.958,0.997,1.164,1.250,1.385,1.383,1.399,1.234,1.166,1.109,1.130,1.055,0.989,1.025,1.152,1.229,1.431,1.469,1.430,1.213,1.250,1.030,0.923,0.890,1.000,0.953,1.066,1.106,1.321,1.287,1.316,1.237,1.139,1.056,1.007,1.062,1.034,1.073,1.143,,1.408,1.384,1.402,1.282,1.165,1.168,1.162,1.234,1.306,1.336,1.282,1.293,1.391,1.456,1.484,1.393,1.239,1.172,1.211,1.174,1.165,1.234,1.221,1.347,1.440,1.412,1.547,1.348,1.215,1.175,1.069,1.090,1.127,1.142,1.142,1.218,1.349,1.357,1.370,1.219,1.114,1.126,1.130,1.139,1.122,1.172,1.370,1.402,1.421,1.451,1.508,1.452,1.346,1.395,1.394,1.380,1.354,1.378,1.438,,1.554,1.504,1.470,1.399,1.415,1.320,1.329,1.346,1.255,1.270,1.259,1.330,1.383,1.379,1.530,1.435,1.300,1.240,1.269,1.157,,1.159,1.170,1.300,,1.393,,,
APU0200711312,,,,,,,,0.992,1.025,0.927,,,,,,,,,,,0.972,0.921,,,,,,,,,,0.974,0.962,,,,,,,,,,,,,,,,,,,,,,,,,,,,,,,,,,,,,,,,,,,,,,,,,,,,,,,,,,,,,,,,,,,,,,,,,,,,,,,,,,,,,,,,,,,,,,,,,,,
APU0200711411,0.912,0.997,0.980,1.026,0.980,1.072,1.133,1.139,1.118,1.106,1.017,1.005,0.875,0.877,0.843,0.861,0.976,1.014,1.043,1.049,1.092,1.052,0.959,0.934,0.909,0.921,0.930,0.922,0.978,1.088,1.144,1.182,,,1.057,0.941,0.909,0.988,0.963,0.936,1.000,1.037,1.059,1.081,1.125,1.181,1.100,1.068,1.033,1.003,1.004,0.975,0.931,0.942,1.018,1.080,1.131,1.172,0.970,0.964,0.854,0.831,0.793,0.823,0.903,0.998,1.051,1.039,1.104,1.079,1.011,0.926,0.867,0.883,0.892,0.920,1.022,1.040,1.166,1.276,,,1.086,1.152,1.042,1.057,1.027,1.053,1.157,1.237,1.263,1.256,1.288,1.342,1.265,1.194,1.088,1.189,1.162,1.165,1.163,1.242,1.317,1.347,1.342,1.324,,1.179,1.074,1.085,1.130,1.074,1.019,1.137,1.244,1.257,1.253,1.305,1.182,1.118,1.055,1.010,1.063,,,,,,,,,
APU0200711412,1.740,1.534,1.602,1.586,1.668,1.669,1.895,1.893,1.912,2.000,1.717,1.588,1.674,1.699,1.624,1.625,1.552,1.525,1.643,1.626,1.713,1.704,1.688,1.704,1.619,1.573,1.636,1.655,1.753,1.876,1.864,1.877,1.859,1.878,1.689,1.728,1.736,1.656,1.644,1.639,1.661,1.696,1.626,1.702,1.931,1.840,1.696,1.719,1.765,1.792,1.674,1.728,1.587,1.704,1.967,2.454,2.379,2.448,2.192,1.707,1.731,1.653,1.540,1.595,1.691,2.067,2.275,2.110,2.169,2.144,1.966,1.732,1.842,1.737,1.703,1.843,1.853,1.988,2.038,1.930,1.964,1.827,1.747,1.752,1.709,1.695,1.663,1.697,1.704,1.989,2.005,2.098,2.004,2.002,2.058,1.962,2.041,1.987,2.117,2.046,2.108,1.985,2.205,2.319,2.507,2.416,2.325,2.200,2.174,2.131,2.041,2.053,2.107,2.083,1.973,1.993,1.875,2.063,2.059,1.992,1.757,1.889,,,,,,,,,,
APU0200711413,,,,,,,,,,,,,,,,,,,,,,,,,,,,,,,,,,,,,,,,,,,,,,,,,,,,,,,,,,,,,,,,,,,,,,,,,,,,,,,,,,,,,,,,,,,,,,,,,,,,,,,,,,,,,,,,,,,,,,,,,,,,,,,,,,,,
APU0200711414,,1.911,,,,1.910,1.716,1.660,1.651,,,,,,,,,1.592,1.488,1.401,1.598,1.535,,,,,,,,1.808,1.507,1.591,1.658,1.847,,,,,,,,1.707,1.515,1.381,1.504,,,,,,,,2.433,2.131,1.767,1.437,1.373,,,,,,,,2.365,1.880,1.475,1.546,1.516,,,,,,,,2.273,1.725,1.717,1.666,1.723,,,,,,,,,2.041,1.926,1.816,2.018,,,,,,,,,2.207,2.018,1.934,1.977,,,,,,,,,2.039,1.928,1.931,1.955,,,,,,,,,,,,,,,
APU0200711415,2.711,2.611,1.967,1.562,1.519,1.671,1.565,1.813,1.834,1.993,2.766,2.867,2.986,2.197,1.802,1.732,1.494,1.468,1.656,1.525,1.792,1.881,2.428,2.283,2.195,2.228,1.855,1.621,1.567,1.681,1.491,1.657,1.783,1.917,2.607,2.887,2.001,1.618,1.888,1.666,1.454,1.587,1.602,2.022,2.109,,2.395,2.958,2.793,2.066,1.540,1.642,1.633,1.792,1.951,1.849,2.651,2.827,2.962,3.872,2.305,2.034,1.408,1.924,2.032,1.460,1.659,2.337,2.293,2.440,3.177,3.498,3.010,3.314,1.782,1.945,2.351,1.783,1.911,2.224,1.937,2.109,,3.176,2.361,2.244,2.336,2.150,1.898,1.827,1.820,1.966,2.271,2.304,2.681,2.860,2.878,2.588,2.335,2.453,2.028,1.958,1.971,1.901,2.213,2.344,2.540,,3.132,3.005,2.351,2.515,1.902,1.938,1.955,,1.942,2.299,,,,,,,,,,,,,,
APU0200711416,,,,,,,,,,,,,,,,,,,,,,,,,,,,,,,,,,,,,,,,,,,,,,,,,,,,,,,,,,,,,,,,,,,,,,,,,,,,,,,,,,,,,,,,,,,,,,,,,,,,,,,,,,,,,,,,,,,,,,,,,,,,,,,,,,,,
APU0200711417,2.970,2.126,2.419,1.820,2.335,1.990,1.338,1.286,1.546,1.707,2.278,2.810,2.867,2.504,2.181,2.189,2.838,2.280,2.306,1.859,1.746,2.044,2.275,2.773,2.562,2.251,2.061,2.599,2.845,2.473,2.237,1.589,1.883,2.034,2.319,2.773,2.873,3.098,2.216,2.369,2.868,2.240,2.021,1.704,1.664,,2.130,2.197,2.760,2.854,2.663,2.867,2.807,2.101,2.030,1.825,1.900,1.950,2.166,2.618,2.955,2.628,1.996,2.136,2.740,2.091,1.789,1.812,1.769,1.763,2.085,2.449,3.619,3.406,2.502,2.335,3.225,2.247,1.988,1.753,1.830,1.910,2.346,2.833,2.999,2.703,2.541,3.077,3.204,2.436,2.381,2.122,2.182,2.406,2.431,2.765,3.000,3.011,2.693,2.888,3.230,2.922,2.728,2.402,2.212,2.071,1.965,2.235,2.658,2.761,2.613,2.916,3.132,2.333,1.967,2.146,2.193,1.810,,,,,,,,,,,,,,
APU0200711418,,,,,,3.401,2.886,3.470,,,,,,,,,,,,,,,,,,,,,,,,,,,,,,,,,,,,,,,,,,,,,,,,,,,,,,,,,,,,,,,,,,,,,,3.682,2.712,,,,,,,,,,,4.257,2.853,3.018,,,,,,,,,,4.551,3.481,3.155,,,,,,,,,,4.853,2.769,,,,,,,,,,,,,,,,,
APU0200712111,,,,,,,,,,,,,,,,,,,,,,,,,,,,,,,,,,,,,,,,,,,,,,,,,,,,,,,,,,,,,,,,,,,,,,,,,,,,,,,,,,,,,,,,,,,,,,,,,,,,,,,,,,,,,,,,,,,,,,,,,,,,,,,,,,,,
APU0200712112,0.517,0.485,0.514,0.520,0.540,0.548,0.556,0.589,0.576,0.565,0.557,0.568,0.590,0.592,0.613,0.626,0.649,0.643,0.672,0.698,0.673,0.610,0.587,0.573,0.571,0.563,0.576,0.598,0.588,0.580,0.568,0.543,0.532,0.488,0.473,0.476,0.461,0.476,0.462,0.466,0.479,0.511,0.571,0.663,0.587,0.527,0.559,0.584,0.590,0.579,0.584,0.572,0.572,0.603,0.610,0.631,0.594,0.595,0.564,0.538,0.563,0.549,0.552,0.548,0.566,0.589,0.586,0.571,0.565,0.550,0.550,0.546,0.561,0.586,0.580,0.569,0.580,0.580,0.621,0.637,0.643,0.649,0.682,0.655,0.689,0.678,0.689,0.715,0.717,0.726,0.741,0.753,0.750,0.725,0.709,0.694,0.753,0.760,0.726,0.778,0.795,0.759,0.777,0.790,0.741,0.797,0.717,0.728,0.745,0.788,0.771,0.743,0.756,0.740,0.776,0.775,0.778,0.709,0.681,0.660,0.685,0.667,0.700,,0.728,0.738,0.759,0.739,,,,
APU0200712211,0.735,0.767,0.816,0.771,0.758,0.796,0.827,0.786,0.818,0.845,0.874,0.890,0.835,1.055,1.220,0.865,0.908,0.885,0.875,0.849,0.831,0.894,0.926,0.851,0.886,0.721,0.720,0.711,0.715,0.762,0.734,0.759,0.772,0.749,0.818,0.736,0.950,1.014,1.098,0.763,0.839,0.845,0.841,1.016,0.855,1.082,0.978,0.813,0.783,0.754,0.792,0.720,0.890,1.002,1.078,1.009,1.031,1.101,1.162,0.975,1.006,1.023,0.964,0.864,0.968,0.941,0.943,1.019,1.207,1.221,1.434,1.577,1.427,1.047,0.905,0.944,1.071,0.885,0.921,0.884,0.797,0.814,1.107,1.087,1.080,1.119,1.031,1.254,1.125,1.030,0.970,0.987,1.010,1.136,1.192,1.037,0.841,0.853,0.859,0.809,0.936,0.906,0.815,0.828,0.804,,,,,,,,,,,,,,1.274,1.159,1.258,1.137,,,,,,,,,,
APU0200712311,1.957,1.851,2.278,2.218,2.135,1.905,1.992,1.422,1.511,1.545,1.567,1.621,1.685,1.776,2.058,2.117,1.641,1.431,1.377,1.323,1.449,1.414,1.438,1.468,1.406,1.320,1.373,1.327,1.327,1.456,1.529,1.510,1.222,1.288,1.225,1.355,1.309,1.195,1.172,1.143,1.271,1.206,1.190,1.305,1.353,1.422,1.441,1.538,1.400,1.323,1.345,1.328,1.409,1.364,1.408,1.338,1.423,1.549,1.878,1.955,1.690,1.477,1.563,1.450,1.380,1.542,1.456,1.401,1.479,1.647,1.754,1.723,2.215,1.895,1.625,1.671,1.532,1.499,1.520,1.533,1.565,1.739,1.808,1.843,1.656,1.796,1.814,1.835,1.823,1.742,1.772,1.785,1.853,1.800,1.946,2.092,,,,,,,,,,,,,,,,,,,,,,,,,,,,,1.684,1.859,1.792,1.667,1.725,,,
APU0200712401,,,,,,,,,,,,,,,,,,,,,,,,,,,,,,,,,,,,,,,,,,,,,,,,,,,,,,,,,,,,,,,,,,,,,,,,,,,,,,,,,,,,,,,,,,,,,,,,,,,,,,,,,,,,,,,,,,,,,,,,,,,,,,,,,,,,
APU0200712402,,,,,,,,,,,,,,,,,,,,,,,,,,,,,,,,,,,,,,,,,,,,,,,,,,,,,,,,,,,,,,,,,,,,,,,,,,,,,,,,,,,,,,,,,,,,,,,,,,,,,,,,,,,,,,,,,,,,,,,,,,,,,,,,,,,,
APU0200712403,,,,,,,,,,,,,,,,,,,,,,,,,,,,,,,,,,,,,,,,,,,,,,,,,,,,,0.935,,,,,,,,,,,,,,,,,,,,,,,,,,,,,,,,,,,,,,,,,,,,,,,,,,,,,,,,,,,,,,,,,,,,,,,,,,,,,,,
APU0200712404,,,,,,,,,,,,,,,,,,,,,,,,,,,,,,,,,,,,,,,,,,,,,,,,,,,,,,,,,,,,,,,,,,,,,,,,,,,,,,,,,,,,,,,,,,,,,,,,,,,,,,,,,,,,,,,,,,,,,,,,,,,,,,,,,,,,
APU0200712405,,,,,,,,,,,,,,,,,,,,,,,,,,,,,,,,,,,,,,,,,,,,,,,,,,,,,,,,,,,,,,,,,,,,,,,,,,,,,,,,,,,,,,,,,,,,,,,,,,,,,,,,,,,,,,,,,,,,,,,,,,,,,,,,,,,,
APU0200712406,,,,,,,,,,,,,,,,,,,,,,2.276,2.272,2.393,2.300,2.075,2.111,2.160,2.317,2.402,2.216,2.087,2.387,2.318,2.093,2.280,2.125,2.042,2.095,2.264,2.364,,,,,,,,,,,,,,,,,,,,,,,,,,,,,,,,,,,,,,,,,,,,,,,,,,,,,,,,,,,,,,,,,,,,,,,,,,,,,,,,,,,,,,,,,,,
APU0200712407,,,,,,,,,,,,,,,,,,,,,,,,,,,,,,,,,,,,,,,,,,,,,,,,,,,,,,,,,,,,,,,,,,,,,,,,,,,,,,,,,,,,,,,,,,,,,,,,,,,,,,,,,,,,,,,,,,,,,,,,,,,,,,,,,,,,
APU0200712408,,,,,,,,,,,,,,,,,,,,,,,,,,,,,,,,,,,,,,,,,,,,,,,,,,,,,,,,,,,,,,,,,,,,,,,,,,,,,,,,,,,,,,,,,,,,,,,,,,,,,,,,,,,,,,,,,,,,,,,,,,,,,,,,,,,,
APU0200712409,,,,,,,,,,,,,,,,,,,,,,,,,,,,,,,,,,,,,,,,,,,,,,,,,,,,,,,,,,,,,,,,,,,,,,,,,,,,,,,,,,,,,,,,,,,,,,,,,,,,,,,,,,,,,,,,,,,,,,,,,,,,,,,,,,,,
APU0200712412,1.643,1.415,1.454,1.510,1.458,1.523,1.520,1.477,1.418,1.397,1.618,1.842,1.825,1.731,1.825,1.744,1.631,1.701,1.655,1.559,1.520,1.475,1.528,1.720,1.463,1.476,1.588,1.430,1.409,1.539,1.551,1.485,1.531,1.585,1.468,1.472,1.960,1.624,1.574,1.566,1.649,1.677,1.704,1.725,1.616,1.779,1.936,1.812,1.843,1.605,1.727,1.717,1.657,1.633,1.727,1.588,1.746,1.641,1.484,1.471,1.564,1.763,1.462,1.539,1.558,1.603,1.524,1.558,1.702,1.732,1.545,1.725,1.837,1.490,1.376,1.503,1.484,1.545,1.532,1.422,1.379,1.466,1.397,1.471,1.391,1.559,1.635,1.867,1.741,1.764,1.809,1.700,1.689,1.880,1.862,1.730,,,,,,,,,,,,,,,,,,,,,,,,,,,,,,,,,,,,
APU0200713111,,,,,,2.039,2.126,2.127,2.097,2.111,2.139,2.117,2.175,2.212,2.209,2.271,2.615,2.608,2.607,2.614,2.739,2.675,2.645,2.596,2.718,2.720,2.721,2.726,2.702,2.772,2.730,2.628,2.534,2.537,2.592,2.700,2.691,2.667,2.681,2.539,2.515,2.435,2.485,2.530,2.449,2.453,2.463,2.438,2.391,2.460,2.401,2.446,2.444,2.371,2.343,2.358,2.372,2.442,2.466,2.465,2.557,2.537,2.544,2.523,,,,,,,,,,,,,,,,,,,,,,,,,,,,,,,,,,,,,,,,,,,,,,,,,,,,,,,,,,,,,,,,,,,,
APU0200713311,,,,,,,,,,,,,,,,,,,,,,,,,,,,,,,,,,,,,,,,,,,,,,,,,,,,,,,,,,,,,,,,,,,,,,,,,,,,,,,,,,,,,,,,,,,,,,,,,,,,,,,,,,,,,,,,,,,,,,,,,,,,,,,,,,,,
APU0200713312,,,,,,,,,,,,,,,,,,,,,,,,,,,,,,,,,,,,,,,,,,,,,,,,,,,,,,,,,,,,,,,,,,,,,,,,,,,,,,,,,,,,,,,,,,,,,,,,,,,,,,,,,,,,,,,,,,,,,,,,,,,,,,,,,,,,
APU0200714111,,,,,,,,,,,,,,,,,,,,,,,,,,,,,,,,,,,,,,,,,,,,,,,,,,,,,,,,,,,,,,,,,,,,,,,,,,,,,,,,,,,,,,,,,,,,,,,,,,,,,,,,,,,,,,,,,,,,,,,,,,,,,,,,,,,,
APU0200714231,,,,,,,,,,,,,,,,,,,,,,,,,,,,,,,,,,,,,,,,,,,,,,,,,,,,,,,,,,,,,,,,,,,,,,,,,,,,,,,,,,,,,,,,,,,,,,,,,,,,,,,,,,,,,,,,,,,,,,,,,,,,,,,,,,,,
APU0200714233,1.355,1.359,1.375,1.368,1.341,1.391,1.280,1.285,1.266,1.273,1.323,1.335,1.336,1.342,1.310,1.354,1.301,1.372,1.356,1.369,1.289,1.373,1.380,1.466,1.515,1.538,1.483,1.458,,,,,,1.448,,,,,,,,,,,,,,,,,,,,,,,,1.416,,,,,,,,,,,,,,,,,,,,,,,,,,,,,,,,1.235,1.233,1.233,1.245,,,,,,,,,,,,,,,,,,,,,,,,,,,,,,,,,,,,,,,
APU0200715111,,,,,,,,,,,,,,,,,,,,,,,,,,,,,,,,,,,,,,,,,,,,,,,,,,,,,,,,,,,,,,,,,,,,,,,,,,,,,,,,,,,,,,,,,,,,,,,,,,,,,,,,,,,,,,,,,,,,,,,,,,,,,,,,,,,,
APU0200715211,0.603,0.623,0.629,0.650,0.658,0.645,0.655,0.650,0.665,0.670,0.671,0.702,0.692,0.681,0.684,0.686,0.691,0.688,0.676,0.692,0.695,0.693,0.696,0.707,0.715,0.712,0.705,0.685,0.706,0.695,0.696,0.677,0.681,0.661,0.654,0.651,0.666,0.657,0.613,0.650,0.653,0.608,0.625,0.623,0.620,0.618,0.576,0.545,0.591,0.568,0.553,0.546,0.527,0.578,0.540,0.564,0.566,0.556,0.544,0.537,0.590,0.591,0.595,0.598,0.591,0.567,0.574,0.586,0.568,0.571,0.552,0.555,0.572,0.559,0.552,0.566,0.561,0.551,0.570,0.557,0.563,0.569,0.565,0.553,0.557,0.561,0.553,0.529,0.540,0.551,0.561,0.559,0.572,0.552,,,,,,,,,,,,,,,,,,,,,,,,,,,,,,,,,,,,,,
APU0200715212,,,,,,,,,,,,,,,,,,,,,,0.655,,,,,,0.657,0.697,0.691,0.696,0.672,0.676,0.658,0.648,0.647,0.670,0.659,0.600,0.655,0.660,,,,,,,,,,,,0.527,0.598,0.543,0.578,0.580,0.575,,,,,,,,,,,,,,,,,,,,,,,,,,,,,,,,,,,,,,,,,,,,,,,,,,,,,,,,,,,,,,,,,,,,,,,,,,
APU0200715311,,,,,,,,,,,,,,,,,,,,,,,,,,,,,,,,,,,,,,,,,,,,,,,,,,,,,,,,,,,,,,,,,,,,,,,,,,,,,,,,,,,,,,,,,,,,,,,,,,,,,,,,,,,,,,,,,,,,,,,,,,,,,,,,,,,,
APU0200716111,,,,,,,,,,,,,,,,,,,,,,,,,,,,,,,,,,,,,,,,,,,,,,,,,,,,,,,,,,,,,,,,,,,,,,,,,,,,,,,,,,,,,,,,,,,,,,,,,,,,,,,,,,,,,,,,,,,,,,,,,,,,,,,,,,,,
APU0200716113,,,,,,,,,,,,,,,,,,,,,,,,,,,,,,,,,,,,,,,,,,,,,,,,,,,,,,,,,,,,,,,,,,,,,,,,,,,,,,,,,,,,,,,,,,,,,,,,,,,,,,,,,,,,,,,,,,,,,,,,,,,,,,,,,,,,
APU0200716114,,,,,,,,,,,,,,,,,,,,,,,,,,,,,,,,,,,,,,,,,,,,,,,,,,,,,,,,,,,,,,,,,,,,,,,,,,,,,,,,,,,,,,,,,,,,,,,,,,,,,,,,,,,,,,,,,,,,,,,,,,,,,,,,,,,,
APU0200716116,1.610,1.599,1.635,1.524,1.607,1.596,1.580,1.589,1.628,1.698,1.587,1.674,1.778,1.751,1.866,1.765,1.813,1.773,1.894,1.931,1.962,2.059,1.935,1.965,2.004,2.057,2.164,2.042,1.973,2.010,2.030,1.961,1.997,2.418,1.931,1.931,1.911,1.915,1.999,1.876,1.890,1.800,1.851,1.870,1.771,,,,,,,,,,,,,,,,,,,,,,,,,,,,,,,,,,,,,,,,,,,,,,,,,,,,,,,,,,,,,,,,,,,,,,,,,,,,,,,,,,,,,,,
APU0200716121,,,,,,,,,,,,,,,,,,,,,,,,,,,,,,,,,,,,,,,,,,,,,,,,,,,,,,,,,,,,,,,,,,,,,,,,,,,,,,,,,,,,,,,,,,,,,,,,,,,,,,,,,,,,,,,,,,,,,,,,,,,,,,,,,,,,
APU0200716141,1.980,2.047,2.058,1.963,1.957,1.984,1.905,1.769,1.881,1.808,1.860,1.779,1.816,1.875,1.826,1.834,,,,,,,,,,,,,,,,,,,,,,,,,,,,,,,,,,,,,,,,,,,,,,,,2.298,2.281,2.377,2.296,2.342,2.331,2.453,2.475,2.444,2.376,2.443,2.490,2.404,2.467,2.451,2.436,2.336,2.332,2.268,2.568,2.598,2.567,2.590,2.535,2.620,2.612,2.589,2.540,2.447,2.519,2.530,2.490,2.454,,,,,,,,,,,,,,,,,,,,,,,,,,,,,,,,,,,,
APU0200717111,,,,,,,,,,,,,,,,,,,,,,,,,,,,,,,,,,,,,,,,,,,,,,,,,,,,,,,,,,,,,,,,,,,,,,,,,,,,,,,,,,,,,,,,,,,,,,,,,,,,,,,,,,,,,,,,,,,,,,,,,,,,,,,,,,,,
APU0200717113,,,,,,,,,,,,,,,,,,,,,,,,,,,,,,,,,,,,,,,,,,,,,,,,,,,,,,,,,,,,,,,,,,,,,,,,,,,,,,,,,,,,,,,,,,,,,,,,,,,,,,,,,,,,,,,,,,,,,,,,,,,,,,,,,,,,
APU0200717114,,,,,,,,,,,,,,,,,,,,,,,,,,,,,,,,,,,,,,,,,,,,,,,,,,,,,,,,,,,,,,,,,,,,,,,,,,,,,,,,,,,,,,,,,,,,,,,,,,,,,,,,,,,,,,,,,,,,,,,,,,,,,,,,,,,,
APU0200717311,,,,,,,,,,,,,,,,,,,,,,,,,,,,,,,,,,,,,,,,,,,,,,,,,,,,,,,,,,,,,,,,,,,,,,,,,,,,,,,,,,,,,,,,4.543,4.582,4.596,4.325,4.423,4.352,4.456,4.320,4.409,,,,,,,,,,,,,,,,,,,,,,,,,,,,,4.166,3.929,4.124,4.033,4.012,,,
APU0200717312,,,,,,,,,,,,,,,,,,,,,,,,,,,,,,,,,,,,,,,,,,,,,,,,,,,,,,,,,,,,,,,,,,,,,,,,,,,,,,,,,,,,,,,,,,,,,,,,,,,,,,,,,,,,,,,,,,,,,,,,,,,,,,,,,,,,
APU0200717324,,,,,,,,,,,,,,,,,,,,,,,,,,,,,,,,,,,,,,,,,,,,,,,,,,,,,,,,,,,,,,,,,,,,,,,,,,,,,,,,,,,,,,,,,,,,,,,,,,,,,,,,,,,,,,,,,,,,,,,,,,,,,,,,,,,,
APU0200717325,,,,,,,,,,,,,,,,,,,,,,,,,,,,,,,,,,,,,,,,,,,,,,,,,,,,,,,,,,,,,,,,,,,,,,,,,,,,,,,,,,,,,,,,,,,,,,,,,,,,,,,,,,,,,,,,,,,,,,,,,,,,,,,,,,,,
APU0200717326,,,,,,,,,,,,,,,,,,,,,,,,,,,,,,,,,,,,,,,,,,,,,,,,,,,,,,,,,,,,,,,,,,,,,,,,,,,,,,,,,,,,,,,,,,,,,,,,,,,,,,,,,,,,,,,,,,,,,,,,,,,,,,,,,,,,
APU0200717327,,,,,,,,,,,,,,,,,,,,,,,,,,,,,,,,,,,,,,,,,,,,,,,,,,,,,,,,,,,,,,,,,,,,,,,,,,,,,,,,,,,,,,,,,,,,,,,,,,,,,,,,,,,,,,,,,,,,,,,,,,,,,,,,,,,,
APU0200717411,,,,,,,,,,,,,,,,,,,,,,,,,,,,,,,,,,,,,,,,,,,,,,,,,,,,,,,,,,,,,,,,,,,,,,,,,,,,,,,,,,,,,,,,,,,,,,,,,,,,,,,,,,,,,,,,,,,,,,,,,,,,,,,,,,,,
APU0200717413,,,,,,,,,,,,,,,,,,,,,,,,,,,,,,,,,,,,,,,,,,,,,,,,,,,,,,,,,,,,,,,,,,,,,,,,,,,,,,,,,,,,,,,,,,,,,,,,,,,,,,,,,,,,,,,,,,,,,,,,,,,,,,,,,,,,
APU0200718311,4.837,4.586,4.866,4.593,4.517,4.519,4.746,4.760,4.690,4.498,4.452,4.453,4.471,4.328,4.474,4.304,4.558,4.764,4.770,4.880,4.928,4.986,4.766,4.848,5.178,4.790,4.856,4.677,4.859,5.059,4.950,4.809,4.925,5.050,4.843,5.030,4.955,4.951,5.009,4.876,4.497,4.686,4.708,4.395,4.572,4.724,4.400,4.313,4.366,4.052,4.366,4.031,4.311,4.403,4.299,4.579,4.464,4.418,4.142,4.246,4.271,4.314,4.404,4.505,4.508,4.635,4.668,4.562,4.557,4.276,4.509,4.389,4.306,4.307,4.575,4.437,4.367,4.365,4.553,4.427,4.490,4.564,4.370,4.445,4.430,4.384,4.501,4.378,4.400,4.405,4.387,4.297,4.389,4.371,4.502,4.196,4.448,4.493,4.506,4.485,4.275,4.226,4.283,4.180,4.366,4.334,4.335,4.280,4.176,4.206,4.189,4.412,4.013,4.220,4.017,4.123,4.340,4.207,4.305,4.135,4.091,4.120,4.138,4.750,5.009,4.808,4.861,4.672,4.647,,,
APU0200718631,,,,,,,,,,,,,,,,,,,,,,,,,,,,,,,,,,,,,,,,,,,,,,,,,,,,,,,,,,,,,,,,,,,,,,,,,,,,,,,,,,,,,,,,,,,,,,,,,,,,,,,,,,,,,,,,,,,,,,,,,,,,,,,,,,,,
APU0200720111,1.095,1.249,1.127,1.228,1.096,1.256,1.068,1.247,1.062,1.256,1.060,1.256,1.069,1.244,1.071,1.284,1.058,1.279,1.093,1.259,1.100,1.270,1.091,1.096,1.092,1.097,1.106,1.098,1.098,1.098,1.084,1.113,1.087,1.120,1.165,1.174,1.155,1.184,1.175,1.183,1.189,1.171,1.114,1.177,1.118,1.203,1.139,1.196,1.154,1.204,1.155,1.183,1.133,1.270,1.152,1.270,1.128,1.246,1.168,1.231,1.251,1.233,1.242,1.237,1.278,1.251,1.248,1.250,1.256,1.270,1.266,1.282,1.285,1.276,1.303,1.300,1.295,1.294,1.277,1.283,1.285,1.276,1.268,1.299,1.303,1.279,1.285,1.302,1.321,1.317,1.313,1.314,1.336,1.346,1.392,1.404,1.360,1.368,1.384,1.369,1.365,1.325,1.270,1.268,1.302,1.326,1.318,1.316,1.345,1.351,1.347,1.345,1.351,1.364,1.364,1.357,1.346,1.381,1.427,1.430,1.424,1.429,1.448,1.430,1.443,1.433,1.437,1.437,1.416,,,
APU0200720221,,,,,,,,,,,,,,,,,,,,,,,,,,,,,,,,,,,,,,,,,,,,,,,,,,,,,,,,,,,,,,,,,,,,,,,,,,,,,,,,,,,,,,,,,,,,,,,,,,,,,,,,,,,,,,,,,,,,,,,,,,,,,,,,,,,,
APU0200720222,,,,,,,,,,,,,,,,,,,,,,,,,,,,,,,,,,,,,,,,,,,,,,,,,,,,,,,,,,,,,,,,,,,,,,,,,,,,,,,,,,,,,,,,,,,,,,,,,,,,,,,,,,,,,,,,,,,,,,,,,,,,,,,,,,,,
APU0200720311,11.919,14.360,11.178,14.557,11.139,13.989,11.930,14.581,11.786,14.005,10.772,13.807,11.143,14.009,11.185,14.028,11.396,12.855,11.925,11.507,11.773,11.525,11.350,10.796,11.585,10.940,11.901,11.653,12.068,11.979,11.973,12.270,11.933,11.992,12.576,10.695,12.823,11.079,12.853,11.557,12.520,9.801,12.174,10.349,12.124,10.247,12.487,10.075,12.517,10.495,12.749,11.166,12.692,10.581,11.996,10.651,11.926,10.302,11.659,9.808,10.584,10.756,10.808,10.727,10.954,10.622,10.590,10.752,10.767,10.806,10.532,10.406,10.534,10.597,10.574,10.675,10.742,10.867,10.901,10.735,10.693,10.519,10.256,10.276,10.536,10.524,10.439,10.441,10.518,10.525,10.702,10.705,10.720,10.740,9.921,9.899,9.776,9.922,10.498,10.471,10.289,10.191,9.967,9.953,9.982,9.996,10.087,10.066,9.836,9.991,9.933,10.006,9.792,10.040,10.102,10.322,10.506,10.043,10.579,10.365,10.513,10.492,10.465,10.504,10.591,10.690,,10.994,,,,
APU020072511,2.639,2.673,2.674,2.750,2.621,2.605,2.584,2.626,2.653,2.812,2.861,2.956,3.108,3.290,3.709,3.898,3.877,3.731,3.659,3.684,3.600,3.755,3.706,3.548,3.496,3.569,3.844,3.809,3.712,3.363,3.405,3.710,3.821,3.851,3.794,3.729,3.628,3.861,3.745,3.707,3.716,3.578,3.544,3.682,3.693,3.643,3.611,3.606,3.644,3.916,3.803,3.768,3.676,3.925,3.898,3.850,3.715,3.690,3.834,3.167,2.541,2.814,2.748,2.652,2.715,2.693,2.579,2.457,2.372,2.521,2.380,2.045,1.874,1.910,1.888,1.948,2.114,2.094,2.046,2.022,2.034,2.298,2.154,2.309,2.364,2.331,2.303,2.345,2.327,,,,,,,,,,,,,,,,,,,,,,,,,,,,,,,,,,,,,,,,,,,
APU020072601,48.778,49.316,49.063,47.074,46.576,47.264,48.359,47.785,46.115,45.873,46.068,46.954,47.171,47.201,46.596,46.372,46.298,46.273,46.697,46.301,45.587,45.022,45.528,45.091,44.378,43.473,43.285,41.365,39.164,39.696,41.290,42.185,42.001,42.093,43.844,43.917,43.563,43.336,43.478,44.254,44.690,44.804,,,,,,,,,,,,,,,,,,,,,,,,,,,,,,,,,,,,,,,,,,,,,,,,,,,,,,,,,,,,,,,,,,,,,,,,,,,,,,,,,,,,,,,,,,
APU020072610,0.112,0.112,0.112,0.112,0.113,0.126,0.128,0.128,0.126,0.115,0.115,0.115,0.114,0.114,0.117,0.117,0.119,0.129,0.131,0.131,0.132,0.121,0.119,0.119,0.121,0.120,0.120,0.120,0.122,0.130,0.131,0.131,0.130,0.122,0.121,0.120,0.122,0.123,0.122,0.121,0.123,0.132,0.131,0.131,0.130,0.122,0.121,0.121,0.122,0.122,0.122,0.123,0.125,0.138,0.139,0.139,0.137,0.129,0.125,0.128,0.129,0.129,0.129,0.129,0.130,0.140,0.141,0.141,0.137,0.129,0.129,0.130,0.131,0.130,0.130,0.130,0.133,0.140,0.141,0.142,0.140,0.132,0.131,0.131,0.132,0.132,0.132,0.133,0.134,0.144,0.145,0.145,0.143,0.132,0.135,0.131,0.129,0.131,0.129,0.129,0.132,0.140,0.138,0.139,0.137,0.131,0.128,0.128,0.129,0.128,0.128,0.129,0.131,0.138,0.140,0.140,0.136,0.131,0.126,0.126,0.127,0.127,0.127,0.127,0.129,0.136,0.137,0.137,0.137,,,
APU020072611,100.888,101.840,100.555,95.263,94.828,96.189,99.392,97.600,93.668,92.999,91.889,93.997,94.981,95.033,93.543,92.962,92.627,92.862,94.823,93.633,92.122,90.353,90.558,89.405,87.600,85.090,84.646,79.901,75.375,76.815,80.620,82.818,82.399,82.597,85.915,85.965,85.107,84.535,84.873,86.736,88.530,88.856,,,,,,,,,,,,,,,,,,,,,,,,,,,,,,,,,,,,,,,,,,,,,,,,,,,,,,,,,,,,,,,,,,,,,,,,,,,,,,,,,,,,,,,,,,
APU020072620,1.004,1.015,1.002,0.944,0.941,0.954,0.990,0.971,0.932,0.924,0.910,0.932,0.943,0.944,0.929,0.923,0.922,0.926,0.945,0.931,0.917,0.896,0.895,0.885,0.866,0.841,0.835,0.788,0.745,0.759,0.795,0.818,0.815,0.817,0.850,0.849,0.842,0.836,0.839,0.858,0.878,0.882,0.875,0.842,0.843,0.830,0.835,0.838,0.875,0.929,1.051,1.019,0.997,0.959,0.965,0.926,0.919,0.890,0.897,0.925,0.882,0.847,0.840,0.769,0.754,0.776,0.772,0.767,0.754,0.740,0.727,0.718,0.730,0.730,0.721,0.693,0.697,0.705,0.750,0.761,0.770,0.774,0.783,0.782,0.818,0.814,0.793,0.792,0.816,0.826,0.822,0.815,0.810,0.812,0.821,0.830,0.855,0.875,0.841,0.823,0.839,0.836,0.825,0.838,0.841,0.846,0.820,0.909,0.880,0.842,0.827,0.808,0.806,0.808,0.786,0.794,0.789,0.808,0.843,0.850,0.850,0.839,0.817,0.786,0.806,0.802,0.786,0.798,0.849,,,
APU020072621,60.100,59.712,60.194,60.214,60.836,65.053,65.740,65.473,64.866,61.919,61.867,61.570,59.954,60.296,62.462,62.771,63.571,66.496,67.110,67.315,67.802,65.069,63.946,63.932,65.112,64.789,64.840,64.912,65.422,66.764,67.748,67.632,67.582,65.886,65.092,64.716,65.598,66.161,65.759,64.565,65.583,68.267,,,,,,,,,,,,,,,,,,,,,,,,,,,,,,,,,,,,,,,,,,,,,,,,,,,,,,,,,,,,,,,,,,,,,,,,,,,,,,,,,,,,,,,,,,
APU020074712,,,,,,,,,,,,,,,,,,,,,,,,,,,,,,,,,,,,,,,,,,,,,,,,,,,,,,,,,,,,,,,,,,,,,,,,,,,,,,,,,,,,,,,,,,,,,,,,,,,,,,,,,,,,,,,,,,,,,,,,,,,,,,,,,,,,
APU020074713,,,,,,,,,,,,,,,,,,,,,,,,,,,,,,,,,,,,,,,,,,,,,,,,,,,,,,,,,,,,,,,,,,,,,,,,,,,,,,,,,,,,,,,,,,,,,,,,,,,,,,,,,,,,,,,,,,,,,,,,,,,,,,,,,,,,
APU020074714,2.712,2.591,2.754,2.869,2.845,2.716,2.726,2.713,2.747,2.803,2.856,2.989,3.105,3.164,3.516,3.869,4.031,3.777,3.725,3.673,3.634,3.378,3.361,3.236,3.376,3.458,3.890,3.909,3.771,3.603,3.506,3.843,3.938,3.677,3.409,3.276,3.247,3.696,3.729,3.626,3.848,3.840,3.623,3.606,3.575,3.340,3.197,3.167,3.286,3.362,3.624,3.695,3.686,3.784,3.590,3.457,3.434,3.166,2.890,2.471,1.964,2.243,2.418,2.443,2.655,2.824,2.759,2.723,2.390,2.392,2.166,1.914,1.797,1.591,1.935,2.097,2.261,2.453,2.192,2.192,2.207,2.202,2.064,2.199,2.330,2.223,2.268,2.387,2.313,2.258,2.234,2.336,2.472,2.404,2.586,2.418,2.548,2.482,2.507,2.652,2.850,2.841,2.823,2.805,2.818,2.758,2.467,2.174,2.055,2.264,2.535,2.771,2.813,2.696,2.768,2.639,2.590,2.552,2.455,2.472,2.454,2.348,2.071,1.568,1.786,2.036,2.117,2.098,2.071,,,
APU020074715,2.784,2.674,2.835,2.937,2.915,2.769,2.781,2.791,2.811,2.880,2.928,3.050,3.183,3.245,3.591,3.909,4.079,3.828,3.779,3.736,3.713,3.472,3.434,3.298,3.415,3.538,3.928,3.953,3.791,3.641,3.575,3.886,4.001,3.747,3.494,3.374,3.345,3.794,3.816,3.696,3.937,3.953,3.745,3.723,3.705,3.468,3.322,3.293,3.416,3.499,3.762,3.847,3.818,3.917,3.738,3.603,3.576,3.316,3.061,2.644,2.165,2.427,2.595,2.620,2.827,3.004,2.944,2.906,2.630,2.655,2.436,2.191,2.090,1.883,2.204,2.375,2.547,2.736,2.484,2.477,2.485,2.517,2.368,2.512,2.645,2.541,2.584,2.704,2.634,2.604,2.591,2.691,2.811,2.753,2.918,2.755,2.898,2.814,2.843,2.993,3.117,3.108,3.106,3.089,3.096,3.033,2.760,2.469,2.334,2.549,2.809,3.053,3.110,2.978,3.098,2.955,2.919,2.886,2.757,2.779,2.764,2.648,2.380,1.897,2.081,2.352,2.426,2.400,2.369,,,
APU020074716,2.934,2.817,2.976,3.102,3.105,2.962,2.965,2.960,2.984,3.045,3.091,3.212,3.340,3.406,3.753,4.108,4.295,4.045,3.981,3.933,3.896,3.621,3.608,3.480,3.627,3.696,4.136,4.181,4.037,3.869,3.767,4.138,4.236,3.969,3.701,3.579,3.535,3.998,4.024,3.942,4.175,4.203,3.988,3.965,3.926,3.697,3.559,3.521,3.640,3.713,3.984,4.056,4.023,4.124,3.943,3.810,3.792,3.540,3.275,2.860,2.367,2.633,2.803,2.833,3.038,3.231,3.199,3.206,2.936,2.960,2.723,2.500,2.390,2.169,2.482,2.658,2.830,3.029,2.781,2.788,2.809,2.825,2.689,2.825,2.955,2.851,2.890,3.002,2.945,2.895,2.883,2.973,3.113,3.054,3.223,3.072,3.185,3.115,3.145,3.285,3.428,3.419,3.409,3.392,3.409,3.354,3.071,2.810,2.661,2.848,3.108,3.355,3.400,3.275,3.369,3.262,3.203,3.167,3.053,3.082,3.058,2.955,2.686,2.235,2.357,2.605,2.696,2.672,2.639,,,
APU020074717,2.864,2.799,2.899,3.052,3.087,2.961,2.937,2.966,2.973,3.082,3.176,3.252,3.387,3.512,3.861,4.081,4.093,3.977,3.938,3.902,3.890,3.827,4.015,3.865,3.802,3.865,4.054,4.075,3.962,3.737,3.726,3.950,4.076,4.147,4.016,3.945,3.871,4.094,4.040,3.927,3.961,3.930,3.879,3.895,3.973,3.885,3.831,3.860,3.872,3.986,4.041,3.975,3.913,3.888,3.845,3.792,3.744,3.644,3.766,3.563,2.975,2.790,2.814,2.706,2.738,2.769,2.707,2.568,2.504,2.565,2.532,2.331,2.103,1.941,1.996,2.070,2.233,2.331,2.307,2.289,2.316,2.372,2.354,2.362,2.459,2.431,2.436,2.434,2.441,2.431,2.411,2.485,2.677,2.704,2.800,2.805,2.868,2.913,2.850,2.888,3.047,3.100,3.063,3.042,3.089,3.211,3.149,3.004,2.810,2.813,2.917,2.921,2.960,2.908,2.905,2.847,2.834,2.924,2.907,2.937,2.893,2.781,2.615,2.423,2.331,2.345,2.334,2.324,2.304,,,
APU02007471A,2.747,2.628,2.791,2.905,2.885,2.752,2.761,2.753,2.783,2.842,2.893,3.023,3.142,3.202,3.553,3.901,4.067,3.814,3.761,3.711,3.675,3.419,3.399,3.272,3.408,3.496,3.922,3.944,3.802,3.637,3.545,3.881,3.980,3.720,3.454,3.324,3.294,3.744,3.775,3.671,3.897,3.895,3.679,3.661,3.631,3.397,3.253,3.222,3.342,3.419,3.681,3.754,3.733,3.830,3.640,3.506,3.483,3.216,2.941,2.522,2.019,2.296,2.470,2.495,2.705,2.876,2.814,2.781,2.460,2.463,2.233,1.984,1.869,1.661,2.000,2.165,2.330,2.521,2.262,2.262,2.276,2.269,2.129,2.265,2.396,2.292,2.336,2.454,2.380,2.326,2.303,2.404,2.539,2.473,2.648,2.482,2.606,2.539,2.565,2.710,2.894,2.885,2.868,2.851,2.863,2.803,2.513,2.221,2.100,2.309,2.578,2.815,2.857,2.739,2.814,2.685,2.636,2.598,2.500,2.518,2.500,2.394,2.118,1.618,1.829,2.079,2.161,2.142,2.114,,,
APU0200FC1101,2.741,2.813,2.778,2.802,2.838,2.947,2.893,2.868,2.860,2.928,2.860,2.847,2.944,3.048,3.116,3.162,3.246,3.251,3.238,3.268,3.248,3.349,3.299,3.361,3.401,3.426,3.501,3.461,3.510,3.583,3.527,3.567,3.602,3.574,3.561,3.552,3.583,3.656,3.625,3.620,3.554,3.503,3.535,3.593,3.579,3.618,3.682,3.607,3.635,3.834,3.877,4.046,3.974,4.034,3.985,4.208,4.348,4.440,4.429,4.378,4.546,4.545,4.514,4.497,4.469,4.443,4.416,4.408,4.433,4.369,4.276,4.245,4.121,4.088,4.128,4.065,4.050,4.046,4.039,4.049,4.038,3.902,3.804,3.773,3.784,3.780,3.801,3.922,3.925,3.999,4.031,3.992,4.075,3.899,3.977,3.946,4.057,4.017,4.032,4.085,4.087,4.062,4.093,4.085,4.029,4.012,4.113,4.065,4.179,4.152,4.121,4.214,4.377,4.255,4.245,4.176,4.221,4.123,4.037,4.063,4.144,4.083,4.172,4.421,4.872,5.448,4.493,4.315,4.287,,,
APU0200FC2101,4.274,4.268,4.284,4.358,4.402,4.144,4.218,4.227,4.328,4.107,4.312,4.272,4.318,4.501,4.574,4.625,4.441,4.585,4.652,4.649,4.696,4.592,4.821,4.808,4.859,4.936,4.898,4.908,4.860,4.898,5.072,5.026,4.944,5.013,4.844,4.881,4.684,4.744,4.832,4.692,4.480,4.531,4.680,4.681,4.578,4.392,4.544,4.598,4.620,4.952,5.019,5.183,5.087,5.137,5.211,5.564,5.524,5.512,5.560,5.613,5.795,5.653,5.721,5.703,5.830,5.771,5.759,5.803,5.623,5.677,5.651,5.351,5.167,5.369,5.313,5.319,5.637,5.482,5.291,5.217,5.021,5.157,5.023,4.995,5.082,5.038,5.149,5.221,5.173,5.458,5.289,5.131,5.158,5.194,5.027,4.940,4.882,4.919,4.886,5.033,5.136,5.125,5.099,5.099,5.051,4.880,4.807,4.765,5.124,5.045,5.128,4.989,5.289,5.342,5.293,5.278,5.189,5.029,5.081,5.427,5.220,5.377,5.217,5.935,7.450,6.960,6.298,5.952,5.635,,,
APU0200FC3101,5.495,5.350,5.585,5.764,5.855,6.058,5.915,5.745,5.853,5.861,5.859,5.730,5.765,5.953,5.906,6.031,5.889,5.888,6.002,6.058,6.129,6.093,6.101,6.209,6.198,6.187,6.253,6.364,6.257,6.468,6.534,6.408,6.403,6.239,6.281,6.311,6.385,6.258,6.388,6.274,6.359,6.149,6.175,6.039,6.115,6.169,6.306,6.243,6.311,6.494,6.633,6.848,6.869,6.726,6.685,7.112,7.091,6.993,7.130,7.275,7.204,7.286,7.344,7.394,7.563,7.838,7.949,7.704,7.679,7.669,7.581,7.220,7.197,7.293,7.544,7.460,7.496,7.404,7.282,7.262,7.196,7.042,6.998,6.828,6.889,6.683,6.914,7.002,7.027,7.398,7.392,7.372,7.244,7.483,7.043,7.037,6.882,6.865,6.919,7.160,7.044,7.213,7.233,7.346,7.229,7.149,7.289,7.151,7.437,7.512,7.581,7.419,7.496,7.346,7.368,7.397,7.295,7.377,7.133,7.527,7.334,7.331,7.333,7.691,9.360,9.171,8.564,7.823,7.869,,,
APU0200FC4101,3.085,3.174,3.233,3.348,3.375,3.491,3.352,3.376,3.428,3.297,3.386,3.333,3.307,3.481,3.481,3.574,3.717,3.798,3.790,3.684,3.880,3.771,3.792,3.682,4.003,3.963,3.971,3.871,3.855,3.985,4.018,3.953,4.006,3.890,4.140,4.076,4.103,4.256,4.360,4.453,4.385,4.372,4.283,4.257,3.928,3.897,4.175,4.070,4.168,4.127,4.106,4.184,4.304,4.073,4.101,4.283,4.300,4.401,4.543,4.647,4.623,4.552,4.477,4.609,4.433,4.738,4.820,4.796,4.719,4.631,4.548,4.580,4.361,4.508,4.405,4.404,4.338,4.550,4.640,4.511,4.405,4.609,4.389,4.562,4.270,4.389,4.277,4.568,4.567,4.752,4.755,4.653,4.659,4.611,4.551,4.540,4.713,4.676,4.567,4.494,4.712,4.786,4.630,4.607,4.551,4.603,4.572,4.438,4.564,4.568,4.699,4.783,4.896,5.223,5.178,4.976,5.182,5.228,5.193,5.195,5.181,5.301,5.209,5.408,5.922,6.246,5.727,5.620,5.601,,,
APU0200FD2101,2.253,2.262,2.357,2.318,2.315,2.430,2.422,2.458,2.543,2.590,2.482,2.426,2.448,2.401,2.605,2.427,2.433,2.619,2.384,2.495,2.579,2.573,2.463,2.463,2.406,2.376,2.442,2.462,2.576,2.520,2.570,2.682,2.541,2.587,2.572,2.516,2.445,2.486,2.698,2.702,2.827,2.967,2.922,2.902,2.838,2.861,2.697,2.653,2.707,2.583,2.848,2.615,2.912,3.003,3.107,3.127,3.170,3.205,3.105,3.048,3.086,3.090,3.021,2.913,3.039,3.000,3.097,3.035,3.090,3.134,3.006,2.801,2.798,2.742,2.681,2.619,2.650,2.907,2.760,2.880,2.950,2.973,2.811,2.580,2.728,2.769,2.842,2.685,2.690,2.996,3.043,2.911,2.950,3.040,2.830,2.794,2.899,2.988,3.043,3.010,3.329,3.370,3.347,3.335,3.143,2.987,3.032,2.961,2.981,2.931,3.158,3.100,3.230,3.216,3.203,3.328,3.275,3.165,3.121,2.884,3.064,2.940,3.447,3.219,3.795,3.726,3.613,3.593,3.663,,,
APU0200FD3101,3.331,3.472,3.220,3.485,3.893,3.279,3.599,3.443,3.658,3.522,3.509,3.531,3.625,3.877,3.713,3.579,3.701,3.651,3.678,3.601,3.791,3.731,3.566,3.586,3.747,3.686,3.684,3.621,3.707,3.597,3.823,3.705,3.884,3.810,3.680,3.738,3.686,3.757,3.769,3.741,3.775,3.500,3.713,3.777,3.823,3.846,3.731,3.773,3.747,3.593,3.994,3.999,4.114,4.070,4.022,4.262,4.261,4.343,4.217,4.175,4.116,4.076,3.983,3.923,4.037,4.146,4.029,4.117,4.024,3.916,3.721,3.836,3.694,3.851,3.848,3.755,3.863,3.861,3.830,3.805,3.762,3.737,3.505,3.312,3.432,3.336,3.426,3.316,3.622,3.500,3.506,3.543,3.532,3.583,3.390,3.387,3.501,3.141,3.177,3.281,3.346,3.332,3.323,3.479,3.399,3.515,3.318,3.598,3.147,3.242,3.593,3.507,3.697,3.534,3.437,3.457,3.289,3.304,3.468,3.375,3.379,3.298,3.387,3.739,4.132,4.355,3.923,3.614,3.619,,,
APU0200FD4101,2.456,2.494,2.475,2.457,2.607,2.603,2.595,2.642,2.572,2.474,2.676,2.693,2.841,2.732,2.836,2.802,2.808,2.918,3.057,3.069,3.017,2.897,2.967,2.958,3.058,2.904,3.107,3.108,2.851,2.951,3.091,2.992,2.774,2.975,3.039,2.599,2.615,2.712,2.619,2.630,2.554,2.596,2.563,2.643,2.553,2.558,2.816,2.860,2.885,2.821,2.991,3.126,3.075,3.066,3.138,3.186,3.199,3.155,3.149,3.198,3.124,3.044,3.064,2.946,2.889,2.874,2.932,2.901,2.984,2.924,2.987,3.024,2.894,2.880,2.778,2.834,2.786,2.865,2.798,2.786,2.780,2.884,2.713,2.732,2.585,2.669,2.645,2.697,2.748,2.838,2.814,2.830,2.721,2.808,2.631,2.615,2.636,2.558,2.594,2.498,2.602,2.587,2.489,2.615,2.685,2.581,2.653,2.609,2.590,2.544,2.631,2.653,2.757,2.800,2.824,2.691,2.731,2.789,2.948,2.887,2.726,2.817,2.693,2.896,3.042,3.119,3.127,2.977,2.941,,,
APU0200FF1101,3.243,3.204,3.191,3.305,3.235,3.305,3.296,3.331,3.302,3.347,3.284,3.344,3.241,3.273,3.595,3.407,3.155,3.279,3.229,3.349,3.396,3.106,3.271,3.231,3.211,3.203,3.244,3.281,3.336,3.397,3.373,3.296,3.335,3.271,3.290,3.382,3.234,3.299,3.230,3.281,3.461,3.599,3.552,3.617,3.632,3.627,3.691,3.619,3.593,3.585,3.631,3.578,3.629,3.513,3.505,3.528,3.503,3.581,3.662,3.581,3.460,3.653,3.600,3.604,3.159,3.175,3.160,3.217,3.141,3.154,3.141,3.103,3.001,3.130,3.149,3.121,3.059,3.018,2.975,3.022,3.020,3.039,2.939,3.001,3.098,3.084,3.175,3.169,3.090,3.070,3.161,3.148,3.109,3.029,3.208,3.187,3.291,3.257,3.261,3.464,3.025,3.104,3.120,2.471,2.515,2.929,3.001,3.051,2.944,2.983,2.971,2.966,2.977,2.999,2.641,2.656,2.607,2.644,2.652,3.050,3.002,2.862,2.511,2.902,3.352,3.387,3.310,3.361,3.299,,,
APU0200FJ1101,,,,,,,,,,,,,,,,,,,,,,,,,,,,,,,,,,,,,,,,,,,,,,,,,,,,,,,,,,,,,,,,,,,,,,,,,,,,,,,,,,,,,,,,,,,,,,,,,,,,2.404,2.338,2.345,2.348,2.374,2.276,2.269,2.310,2.323,2.392,2.340,2.381,2.500,2.361,2.291,2.348,2.368,2.416,2.637,2.522,2.565,2.655,2.603,2.686,2.620,2.593,2.507,2.531,2.677,2.611,,,
APU0200FJ4101,,,,,,,,,,,,,,,,,,,,,,,,,,,,,,,,,,,,,,,,,,,,,,,,,,,,,,,,,,,,,,,,,,,,,,,,,,,,,,,,,,,,,,,,,,,,,,,,,,,,0.999,1.005,0.992,1.002,0.995,1.009,0.967,0.938,0.975,0.979,0.998,1.015,0.984,1.011,1.127,1.130,1.102,1.110,1.094,1.100,1.093,1.022,1.188,1.161,1.193,1.230,1.216,1.200,1.190,1.176,,,
APU0200FL2101,,,,,,,,,,,,,,,,,,,,,,,,,,,,,,,,,,,,,,,,,,,,,,,,,,,,,,,,,,,,,,,,,,,,,,,,,,1.487,1.586,1.444,1.587,1.598,1.517,1.442,1.394,1.451,,,,,,,,,,,,,,,,,,,,,,,,,,,,,,,,,,,,,,,,,,,,,,,,,,
APU0200FN1101,,,,,,,,,,,,,,,,,,,,,,,,,,,,,,,,,,,,,,,,,,,,,,,,,,,,,,,,,,,,,,,,,,,,,,,,,,,,,,,,,,,,,,,,,,,,,,,,,,,,1.457,1.429,1.372,1.448,1.396,1.374,1.396,1.621,1.607,1.697,1.749,1.747,1.710,1.732,1.737,1.696,1.715,1.775,1.732,1.737,1.681,1.781,1.803,1.868,1.957,1.773,1.770,1.883,1.876,1.654,,,
APU0200FN1102,,,,,,,,,,,,,,,,,,,,,,,,,,,,,,,,,,,,,,,,,,,,,,,,,,,,,,,,,,,,,,,,,,,,,,,,,,,,,,,,,,,,,,,,,,,,,,,,,,,,0.316,0.318,0.320,0.324,0.330,0.350,0.348,0.325,0.317,0.332,0.351,0.356,0.329,0.328,0.321,0.344,0.332,0.343,0.333,0.338,0.323,0.355,0.344,0.359,0.373,0.360,0.376,0.369,0.358,0.373,,,
APU0200FS1101,,,,,,,,,,,,,,,,,,,,,,,,,,,,,,,,,,,,,,,,,,,,,,,,,,,,,,,,,,,,,,,,,,,,,,,,,,,,,,,,,,,,,,,,,,,,,,,,,,,,4.421,4.416,4.430,4.486,4.296,4.303,,,,,,,,,,,,,,,,,,,,,,,,,,,
